CREATE DATABASE  IF NOT EXISTS `boggled` /*!40100 DEFAULT CHARACTER SET utf8mb4 COLLATE utf8mb4_general_ci */;
USE `boggled`;
-- MySQL dump 10.13  Distrib 8.0.36, for Win64 (x86_64)
--
-- Host: 127.0.0.1    Database: boggled
-- ------------------------------------------------------
-- Server version	5.5.5-10.4.32-MariaDB

/*!40101 SET @OLD_CHARACTER_SET_CLIENT=@@CHARACTER_SET_CLIENT */;
/*!40101 SET @OLD_CHARACTER_SET_RESULTS=@@CHARACTER_SET_RESULTS */;
/*!40101 SET @OLD_COLLATION_CONNECTION=@@COLLATION_CONNECTION */;
/*!50503 SET NAMES utf8 */;
/*!40103 SET @OLD_TIME_ZONE=@@TIME_ZONE */;
/*!40103 SET TIME_ZONE='+00:00' */;
/*!40014 SET @OLD_UNIQUE_CHECKS=@@UNIQUE_CHECKS, UNIQUE_CHECKS=0 */;
/*!40014 SET @OLD_FOREIGN_KEY_CHECKS=@@FOREIGN_KEY_CHECKS, FOREIGN_KEY_CHECKS=0 */;
/*!40101 SET @OLD_SQL_MODE=@@SQL_MODE, SQL_MODE='NO_AUTO_VALUE_ON_ZERO' */;
/*!40111 SET @OLD_SQL_NOTES=@@SQL_NOTES, SQL_NOTES=0 */;

--
-- Table structure for table `room`
--

DROP TABLE IF EXISTS `room`;
/*!40101 SET @saved_cs_client     = @@character_set_client */;
/*!50503 SET character_set_client = utf8mb4 */;
CREATE TABLE `room` (
  `roomID` int(11) NOT NULL,
  `status` varchar(45) NOT NULL,
  `host` int(11) NOT NULL,
  `generatedLettersRound1` varchar(45) DEFAULT NULL,
  `generatedLettersRound2` varchar(45) DEFAULT NULL,
  `generatedLettersRound3` varchar(45) DEFAULT NULL,
  `generatedLettersRound4` varchar(45) DEFAULT NULL,
  `generatedLettersRound5` varchar(45) DEFAULT NULL,
  `generatedLettersRound6` varchar(45) DEFAULT NULL,
  `generatedLettersRound7` varchar(45) DEFAULT NULL,
  `generatedLettersRound8` varchar(45) DEFAULT NULL,
  `generatedLettersRound9` varchar(45) DEFAULT NULL,
  `generatedLettersRound10` varchar(45) DEFAULT NULL,
  PRIMARY KEY (`roomID`),
  KEY `user_idx` (`host`),
  KEY `host_idx` (`host`),
  CONSTRAINT `userr` FOREIGN KEY (`host`) REFERENCES `user` (`userID`) ON DELETE CASCADE ON UPDATE CASCADE
) ENGINE=InnoDB DEFAULT CHARSET=utf8mb4 COLLATE=utf8mb4_general_ci;
/*!40101 SET character_set_client = @saved_cs_client */;

--
-- Dumping data for table `room`
--

LOCK TABLES `room` WRITE;
/*!40000 ALTER TABLE `room` DISABLE KEYS */;
INSERT INTO `room` VALUES (1,'close',1,'1','10','1',NULL,NULL,NULL,NULL,NULL,NULL,NULL),(55,'close',2,'ydvmflrrtylvlauuauoa','jwfgrmmfcmpqhaaieeai','xpyssdmhzryytuuuioua','mjgfxqlpbflkrauuaioe','rmnwnskjhplbnuaieaei','kwfhpljcccckruiaaeie','gzmlyxxdcpcrzeiououu','cvmslscvcscvguuuaoii','sqqjnnjpgvwqmaioaiio','sjcqsgrkprjklooaeooi'),(121,'close',2,'mwjxnpbpwqhjfiuueioo','whwvhjpbwcqsxuuauiii','glnwlyymymyrwauaeieu',NULL,NULL,NULL,NULL,NULL,NULL,NULL),(177,'close',2,'prwtpbsdjxyvzeaoauaa','tfqqvfflgkmcvuoaouae','zkdstgxfgjlltaeuaueu','fkwdrxgclbcrgoiiaauo','cxlrjmwnfrsgriaoauou','pcznmqbcglvsdiauaaou','ygzkbkqjbgtpzaaouiai','qjbvrnnnxvssjaioieuo','khnrchzkmnzhwaaeeeei','sfcjgpvwvmfnbuuauouo'),(488,'close',2,'fxjghfmpszxqgioaaooa','dzdmhydfcrllyioiiauu','qhkqszhyngmyzaueeeuu','qvkzflbsvmgvfaiooueu','klfswqgnlgsfqueuiuea','mfnyfxcqcwhqviuieeou','rjkntfbjfvkjcaeauuoa','bxfwkgdctbjrdauiaiii','dwpxwhnwnhhpcoaaeaeu','jthbnlgrthnyzuuuueii'),(525,'close',2,'cpylcffvxhnthuauoaai','qxrbhlqgvqfctaoooeoo','dqzcslvymhzfvoueeoao',NULL,NULL,NULL,NULL,NULL,NULL,NULL),(537,'close',2,'gzddpvqtgxmgveeuioii','gqcrmgpjfhbpciaiuaeu','kbylqvhlqyyxtuooouoi','vcshtkyzwsrhsoaaooeu','jsllwdvppqxnyiuouiii','jfbtxrhbzfcqxaiuooui','wtytsvphxplyluoeaieu','vzgqrnwnfyndfuuaiooi','nlljmgjdgvkhdouauiae','xswtdbwpmjycpueuaioo'),(632,'close',2,'nstngmpvjblbfoiueioo','vwycmnnynqzvsueiiuua','zkwpbkkkdzwkhoiueaoo',NULL,NULL,NULL,NULL,NULL,NULL,NULL),(662,'close',1,'ryfgqjjlszvgcuooiiae','qprcgsyxjzxwdououeue','dxzxqvrmlfjzveeeeouu',NULL,NULL,NULL,NULL,NULL,NULL,NULL),(733,'close',2,'vkxctlvfwgrfpoeiaoue','mqsdhszmtcxrxuueuoao','tzgmfwjhkbqlsaaauaui',NULL,NULL,NULL,NULL,NULL,NULL,NULL),(779,'close',2,'pptfbmxgscgrvuiiouae','spbccqzpbbldcaoueuie','nqxsskfkvnqdliuiiuee',NULL,NULL,NULL,NULL,NULL,NULL,NULL),(907,'close',2,'flpfyblpbpryseeueeuo','cypnldmctxpwreuaieiu','vsddbmtgwdwmseeooaoa','tlxxjfhvpgtqzaeuaiae','hvvbtybqpcttkeoueeiu','cmnzrqllssntvoeiouui','mtnfzbgwlxtkfeeauaie','qpjxzccrwwpfboieaeee','dvnrkpbnchxrzeeaueei','czlgfwtflxqqcuaiuoae'),(999,'close',2,'zcjntcdpflssraoeuuio','ccktrckstxmlsiaoeiee','rhkmcpndgwfyyeoiaoao',NULL,NULL,NULL,NULL,NULL,NULL,NULL),(1041,'close',1,'fvjsdjdcnyntxiiaiueu','nggcwwrhymdrguouaeui','dggzzslgvvzxseuiiouu','fmmscvmghwnvheiuiaoo','wrvqsqdbzksqguuuoaoa','cqhhsksprqtkwoauaaaa','pjzwnxvcfkblpeuiioue','mmmyjdmvqzcvwuuoeoeo','dngjcyqxljblciaaoiuo','gbyktlvpbskjyeoioiia'),(1059,'close',2,'bqnvwgzccmywtaiuooao','ykjlkdgvmqbpfoiueeue','lrxstxlsnjhsnaaeeiio','thdkgcwxtlyywaeiuieo','lwlwbmykdzgmxeiuioei','vzjpmsncdljbseaieiii','trvmshqpzhhlkeueueai','kjqsybbrvmyzbuoiaaio','cpgjxrlmvkfmzuuooiue','pkgznndxtyrcbeiuoooe'),(1133,'close',1,'pdgpmqmnjvmgtuuiiiue','wjplffmjktgzteeauoeo','rvtfkwfqdxgmleoauaua','byfwjstfglpmceiuauao','hnczbdrlyfqhtuueaaiu','bcrvjnvrjpqjkeueueoi','rqqqflnnwqbwbaaiuioi','blhrjrvwbhfsheuaauuu','qvplvhpfbywmnoouauio','zgzmgpkpxcyfduouoieo'),(1164,'close',2,'plymbnmpkxwlqeioueua','dyqjthqzcstvdueooauo','lvsjstfqmlxvliiueuoo','fjqwkptkdnvxneiaaioi','xxcntpbbfgpcseuuuiou','tpfdjnzzlhprcouuieia','gwchtljjtntlxoeuioiu','vprwkljvkqtvwiuaeauu','gzfwjnzqdwgcveoaueee','kythvttmnwjrweueueue'),(1174,'close',2,'wkfwcmxqkzvfdaouoaae','sjpzjkqftqvtbaoiueae','swrbsxyzsjrhmoeouaoi',NULL,NULL,NULL,NULL,NULL,NULL,NULL),(1177,'close',2,'jnzvpgkrzkmwzioeuuou','jkwdzzbvbstbzoauieue','bbbwwcwvhprvfooaiiea',NULL,NULL,NULL,NULL,NULL,NULL,NULL),(1243,'close',1,'fcmvrhxgfykcnooaouoo','xnssgcdlqmhbqeiouaoi','cntshybyyjhncueuiaai','lxhdyrctpcnqliooiaeo','qlzghmwvmxzfmauiiaiu','ncxrvfwpbpmgsaoiieue','nhzxxfyfnxxdmoaoiiai','ztcmbrldghypqouueuia','tgyxhftnqrwhhauuieuu','sspjhfrqhznvqaieoaae'),(1296,'close',1,'gysmqrndqwbmdeioaoeo','yjhgdbkbttbzjieuuaoo','rksnxdmgnfsmcuoooeoe','htnsgtssyqprreeeueee','xtxbpldrccrlheueaeua','nsdcqhrxldykjooiooue','nwvgjgtzwdvvbeeiaoee','dczwgpqvqwthjueeeaea','gqfhhtzxrwtgnaeueoei','rbqmpnqbdqjwleauaeai'),(1335,'close',2,'snkstppggktmkaeaeeau','dxvlrbrwvzbxxeeoiaie','vmckgxrfjdglzueiioaa','hkphckxxygqbpeuaoaeu','xcqpdyrzlrqmteeeioei','tmqqbvxfgzdxxiioeoiu','fkgcqhcgysnkxaoioaeo','rfftvcxmpyjylaeaeiee','hnhnqkxlyqslmioeueau','qnpncldcrtxcdeioaeae'),(1492,'close',1,'nbgsghfhqcltbaaiiooe','jczffgrgwcnqhiueaaou','yrvmpjmkjkdxnaeiaoeu','wkyjzblrwnrmsieeoiau','wsdfhrxqhpdvquaiuiea','wsgnxyhrcynsfaioeooe','hgdwhxjxfrhhfaioieei','qsqdnsnpyhrkjeoeouoa','dvwgkdsxvtgcjiuaaeee','xdmdtkjkvffmzueoeaau'),(1548,'close',2,'bgyfzbljlhctqoeiioea','ptlrblphfxjjkaiuiaaa','vmmjdzqncdmkfeuuaouu','zknrqbmzpngnnoouooae','rkjtcfszspxwjeiuauui','grtvrbrwszjyweuoouua','lpnprcwfvcnnluaaeiie','qldtftnsfpxgveaaouii','sjrsktcqrxtwlaeouuao','bpybnnmrzbltcaoouuia'),(1630,'close',2,'qvnlvkbjwrplcioeeauu','zgmxpxbsyjfcduoouoea','vthgnrrfcfhwdiiaeuai',NULL,NULL,NULL,NULL,NULL,NULL,NULL),(1667,'close',2,'lzwvcyywqtvxgaoeiiau','vlgyknctzlmrzaaoeooa','dtmxzqzqqcmyqeoiieoi',NULL,NULL,NULL,NULL,NULL,NULL,NULL),(1693,'close',1,'swnjdptdkxxvnuaiauuo','rctjzcwcxwmrnueeueie','tzypdbdybvzvciiaaoiu','ppfxwbwffbrbxeeaeoai','fbswppjmrdnhtaaooaia','rykhtdznkzpvvauoiouu','jzvlnrkztkctjeeoaoue','yvkxyqwdvlvrnuoeuoee','cxmclczkqgrpcaauiuei','nxttxngwfpdtkuioaiai'),(1708,'close',2,'jndgqxbmfthfyeuoooui','wxcxcpxvdrpjhuioaeoo','bbnysqzrfnlcxueiaaeo','hpfmjvzgncgcwouuoouu','zhdwmhtsnwvbhaouiuui','nslngqnkhwhbbeaooiii','cmctgsdllvbgcooaiuaa','hpkwrdwvtgmfdiauiaeo','brycslpgbczhqooeeiio','qtxvqgxrkpfjguieiaae'),(1838,'close',2,'nhnccslcdmpydaaeeuuo','xhzrlkgskzgymuiueaei','hmpxfjffvzyzloiuuiea',NULL,NULL,NULL,NULL,NULL,NULL,NULL),(1839,'close',3,'wpckfvsfwyxfroeaoueu','xsrxvvtmqxttceeoieea','vqdwqqwtdvbnbieeiaau',NULL,NULL,NULL,NULL,NULL,NULL,NULL),(1886,'close',14,'sxbzyntmvjmlkuaoeaui','wwsmppxzkpgyrueoieaa','vxqrzgjfzwhnvoaaooui','nmxgsyhjzhqxtieeioio','hgrnjrcyrslpsuuieaiu','jvjjqmdpmkgxveuaeooo','gdfcfkxcpfkjpaioaioa','wpchjsbqxpgdnuuauoii','nysxmrgkyztyzueoueuo','gxytcwbdrzwddooaiuee'),(1927,'close',13,'kdtjgxgfkxqxmuaiuiei','gcjhglpdtbkmpieouuau','jzjkllbkxkjhzaueauei','rpcwkwxycxbbwueeiuii','vdyjhtxhsphsreoeaaeo','nttkwsplkkfbxuoeaeei','chqgdwwrgwbttouaiuoa','pkffwyjpbpdkdaieoaiu','ytcbwffzyrmbpuaoiaao','mrvqfvmmbdpzyaeiuuou'),(1963,'close',2,'fyrgzfpnzzcfgeoeaaua','zjkgyczddwsjriiaoeao','rsmgnpgtffshkaueeioo',NULL,NULL,NULL,NULL,NULL,NULL,NULL),(2070,'close',1,'jhrczkclfxphzaaoueue','qsgxlsfqktprzeuuiiie','gwlphqbzpyqlhiaioueu','nkjjqngcqjgkmuioioai','nsqsfdsbqznhzeueueuu','tqxlrymvcdfbtaouauao','qhzgjmxnjrhycuaaooea','bjntrbnmlyqcqeuouooa','lntgcyydgmvkweaaaeie','hjlwkpglxlqghueuoaiu'),(2080,'close',2,'ykcxrqtshdwlbaaaeiuu','vmjqqkvfsfdtgaieueou','ghzwzjrtfqbvqioaioue','dxflylzpctlcbuueouou','sxzryccdktjlwiaoeeuo','pvhpqftryfqbwaiuooie','jjtthnpntzkncueiuuoe','ftffmxpfxfbwpeuiiiea','mckdqldjvwywhoeuieee','fbvgrqbmlpbttiaoeouu'),(2205,'close',2,'kypkwdrwgqkcsuoioiui','stnyrjwpdllpcouaueoo','fgqcdkgltszvqiiioaaa','pnzllrpvjpfjfoaaiuao','wwskdvvztyczjueiooao','kpbqrfxzhkpcgieioiue','bgvdfbvjtjbfviuaaeoa','fqvcqlnhcdjpzaeaooou','zrjzdhgkwprwgaoiiaoo','hnrdrsfnddxxmoiioioo'),(2335,'close',2,'jksynznyjhtqriuiueua','ptsqtjgqgwdzwieauueu','ndbzcpdtdnqkleeooaoe',NULL,NULL,NULL,NULL,NULL,NULL,NULL),(2348,'close',2,'dhzzwcbgnpvhvueeoeao','tnlbgfkjcjsqfiuaaeui','tppqbvdcygqbqaaiioui','xmtjhzpyrfmfcaaaoouu','rslmkvqhhqskhuuiaiee','mfsqnygcrnjnkoueaiee','qyyxhkzsbgqpyueiioie','ppgfrycbqtyljoioaoaa','kxggzwfkgsdcviuuaeoo','wzyswsbkdqymzuiaiuea'),(2442,'close',2,'ffsymdkgfnbbdoauueoe','qrwtgncmqthpviueeeeu','qhktlvwvnlkqbeoaueue','rvdhhclsrkvcbiuaieue','sqkldfsvvwjtciiueauo','shwkjpcwvypxxeueoaie','nysyfycxcdvyvauaoeie','xvltdmybsjwzkaiiaiue','xtwhvncsczygpuieeuai','pfxrrkbnzxpgtiuieaie'),(2461,'close',2,'cwvnkfblvgpqnoeoeuui','jfjvrdjgyhhzfeoaieao','bnldbnbcssnzteeieaia',NULL,NULL,NULL,NULL,NULL,NULL,NULL),(2472,'close',2,'fyvznydbynxlcaueaioe','nmtvtcqbybnpsuooieai','hdsdkvjqswpvziieaiou','qgkhjryybycspeiaaeuu','kcrrhhsdkfscjoaaaeeu','nkqkrqjbhhdtziuaeooa','dxwxlzztwstyrouuuaoa','bnjyjjtcbwmjzaaeeoua','bmfmsthynbwvveaoeaoo','sbptywjmsrlcyouoaoai'),(2486,'close',2,'svkzzxxjxsnkceuoiuee','qlwpvmccmdkttiuiaeea','nzvlvgwyvtjmnoueaouo',NULL,NULL,NULL,NULL,NULL,NULL,NULL),(2562,'close',2,'jkryrmnnzbrnziaiuuau','dcrjkqypvzqqsueauiaa','zljztnhwtsdbpouaaaaa',NULL,NULL,NULL,NULL,NULL,NULL,NULL),(2829,'close',1,'cfzzdjljbsjfraioeiao','npzfvkkzthncziuuiaei','xddxjpqmhssjyuaoieui','xgbrxbwsxkmrtooueaio','thtccfnwccxhcuuiueau','swqknmxyyfmxbioaaueo','knwlzdpspyjqgeaaeiua','vzwzqxsnjjqfweeeoeio','lcmmzbgdskkvzoeeuiau','ndxtbycqwflskeiiiaou'),(2892,'close',2,'jtjdclbshckqlooaiauu','znjjpmmhxlflhiaouauu','zrjdcwsbymdvraeiaeee','zrpbrjyjlhwyjiooueoe','zycxydwwcmxxhaeaoeua','xsyvwrjrllvjdeaiueia','mkbwdjwxfzzwwioaiooo','kvrwpblzfbmcvioeaeia','pnlzwflwwzrsnueuioao','bfhxlslykffvcaeaieuo'),(2990,'close',2,'jknzqtbjksxqceaueooi','wjqlfjtycsbsvioeiueu','vcngtxslymzyxauuiuae',NULL,NULL,NULL,NULL,NULL,NULL,NULL),(3018,'close',13,'mddvhrjmhddwfuoieuui','ddcxzyljfbfpguuueeao','jlnrtydjbwbcyueiaiae','rhhqldfzxjsqguoueoiu','rjcfzhjhlfvtruueooou','jljjqmtqlpytgooauaoe','hpymbnddqrsgpiuuiaui','jcjgsqwhqfsyxaaaieoo','vjsxbjhqqfzyqueueeeo','nswhjhpfxbrlraoeaaou'),(3097,'close',2,'ygkdblhxnvqlvuueaiau','jznjtdschcpgteiuioie','kjlstmbsnyyxqeiiuuio',NULL,NULL,NULL,NULL,NULL,NULL,NULL),(3114,'close',2,'qrrwqmfvgvmygoaauoiu','dhgmsxflqbbvvoaeeuoi','dzpkdpccsktllouaieoe',NULL,NULL,NULL,NULL,NULL,NULL,NULL),(3138,'close',1,'snfyhwtjqvwffaueieeu','fzwrqmlllfrpjeieoaeu','gwncjhdtkymmweeeiiiu',NULL,NULL,NULL,NULL,NULL,NULL,NULL),(3192,'close',2,'gcqgpjwzhczlbaeooaoo','kddwbgtfgsnvjiuuauui','sctrlslqrnxlxeiiieoi',NULL,NULL,NULL,NULL,NULL,NULL,NULL),(3241,'close',2,'rhzyczhdkdpbcoeaeeoe','ymtvllhtpzqmxieeoueo','txnkzvzmlgkbgoeooooi','pryczdyzrvjmtiuueeia','kddqhbvdjrkbkiieuuuu','pqzzrjvckyxdgueueeau','btgnqmzrpcdwzooeeuiu','sfpgyrcmlcfbrauiieoo','jnklbytjmbkzxauueuio','dhqgrbxwsmwtwoeeuiie'),(3271,'close',2,'dxtyjsckmwnnnoaeaoio','pqwwxvymsdsgmooaioui','snlhplzhbtzvfoaiuaee',NULL,NULL,NULL,NULL,NULL,NULL,NULL),(3444,'close',2,'kwqlnxxtsjqjwuaeuiii','scmkrkzxlsgyveiooaae','wppgzgwrwbywdieoaoio','smwqdcgfvctzrooaeeae','mvkxwnyxdlzsfeaiieoa','fpgljgrhzdzqyoiueoiu','htdfkwrbmxxnxoiuueue','vwbbrbjhcndcweouaoie','gnwlzwqcpglwpuiioaue','jqmmwtsbgsxjkauauiai'),(3480,'close',1,'ztmpygpzmdjdyeoaueoe','lcmybfmshfxfboeuoaoo','dmqztvfsqyrkmoiuaoee',NULL,NULL,NULL,NULL,NULL,NULL,NULL),(3553,'close',2,'skxyqddsgrvzcooeouue','gnzmcdjwbsjkrauooeia','qlqqxdyqrzyfseoeooea','zcmvmqmmffmbluoiaiee','ctgnzrpdvskvseioiiio','ypddvfzcwfnfgeiouuai','mvwnchzwhqhmbooaooaa','sytnlvvkfzjnyeioouua','sfxvtmntjflxseeeauui','tpfsmcpgbsjzmoeeaeie'),(3591,'close',2,'nsyyygbmsmgbyeoueaiu','hcwbnkswtvqzhiaoaioe','slxmtstwdbrvpuaiiiui','mrbqnnxxhsxmbeoeeaua','jftgqgymgddxkueioiui','mdzvzfyxqkhgtieoouio','yqqtzmfwkmjhbuiaoaio','jvkznkwltrpgheooooii','pzdwcvshfygkxiaiioeo','zvjdnnlftkbgxaoiiuue'),(3632,'close',2,'vqdbqxqkgdrxhuaiuaoe','dbwhvkwjtbqlkauaeioo','cfzqlpwqkzyzviioeiao',NULL,NULL,NULL,NULL,NULL,NULL,NULL),(3774,'close',2,'jpzswyxjpplckeaeioau','qsvszyntsnsgheuoaeia','cpyttvkwvmqnfouuaiue','ntrjpfmptjckkuiouaeo','qwhqdvqgjjmtdauaouia','dvndbxsjcxxfqiiuoouu','hrnlbtzpjsqbhoeoeouo','hpyzrgszsslsviaeuuiu','cmrtqvklmqsskioauiau','qymhxfjyfqvzxaioiuia'),(3831,'close',2,'zrkjhsnfvvplwuieeeio','rlmsvljjqtkgteaauoei','mnkjzhssfbqtloiouoie',NULL,NULL,NULL,NULL,NULL,NULL,NULL),(3895,'close',2,'lyqzmppzqfdmzieaaeii','yntvdchfnlnwwiiuuiau','hqlzjnwzrnhpbiauuoeo','bqrwvfpycqsnneeiauue','dngghqjdsqkgsuueeeui','vrxvygcfbwcztaiaeaao','cfyygstwbmgttueoaeui','qkxjnkqcqbqwwoeuiiuu','rsrytgsqflzqdaoeeoie','pwhrcrsymczyhaieiuui'),(3928,'close',2,'lrdqrhwvqzyrceoauioi','nmcxftgzgnywtoeeeeea','tnnkmvpmlmnjkaeouoaa',NULL,NULL,NULL,NULL,NULL,NULL,NULL),(3957,'close',1,'nlnzhrffnjymziaeieae','sdxhwsmcccdyhoeuiuia','lrksgjsbmfdvreaiieaa','pfmskmddlnrtzeiaieeu','gzzcdphdfwjqruoaeiau','vlzlhyqjtwtxseeeeoie','cbrqlsygkbtdyoaioueo','lfxbhfmjqdngfiiiaoii','bwdpthklncntdoauaeui','srjstxqjccctraaueuee'),(3958,'close',2,'mkysblvgphmldeeaiaoo','lzszgbzdxwvxzoeiueui','kcjlzzlmbmnyyoueaaeu','pwwyvfvhnxxzkieuoeoo','pfrxqrrfprxyruuuauau','wxpngxmfqjngweeuuauo','wktnxwbzblbvziooiiiu','fxlhbvnvkkktxieooioe','rpssmvmfzlrqweueuiiu','brpbhvgnkrsqriaoauiu'),(4064,'close',2,'vfymbqvnmtbspouiiaei','fgrhjywxrqksbooeuaoo','pzjhfjldpgjhtiaiouie',NULL,NULL,NULL,NULL,NULL,NULL,NULL),(4172,'close',2,'nvlmtnpggyshxiaeeiae','xsbdrjqscplzluioeoao','rphscxzzvtscgiieeuua',NULL,NULL,NULL,NULL,NULL,NULL,NULL),(4300,'close',1,'hgyggfdrfwxxpuoueiui','frcwfcgmzpzzzaoieeeu','jfcbmwjnppnggeoiiaoi','dqttlpdmvhyymaeoeieu','nnbrqhzlwlffgoauiaai','qmyqpfyvbwzngaoeuaeu','lkzyszbgjwzrweouaeua','btszvcgwdtsrquiiaeiu','qfslqjgckghjbeoaoeao','fjvtpbqtmsjdxoaoeioo'),(4322,'close',2,'lvtnwchphhrbnioeuooe','qmtgnvljxcfbjoeuaeeu','hbrrjhskksmcwoaiieoi','cmqlzmnskgxmrieuuiia','fhgnlxxxsbvxvaoaeiou','yyqvcfkhxsfywoaiiuou','vsyzrtyjhnlbtaoooioa','chvvcnbvntjxkiueuauu','mmjxjcsszqdwgouuiaaa','hjgtzzftbjvvboiuouea'),(4331,'close',2,'qjhhgfnkxvnvsooeauoi','qvzmwqzmqvhnhiuoiooo','bbypxtfqqlmvduueeoai',NULL,NULL,NULL,NULL,NULL,NULL,NULL),(4342,'close',2,'lqvmfvgthlbhquaauaeo','nwtmqdgfrwgkcaoeeueo','kjjjxnvmntmlxioeuooa','kxfdxplkzhdsfeuaeaiu','fxpzrrnsgpfghuiuuaae','qwtsmmwtgtcdzaiiiiei','lmqvrlrmnpsppeiauuii','gcwzgvszqtywkoeeoeue','hjklvlqtflpnqoiioeae','rkkbbbkdnfhdveaoooeu'),(4394,'close',1,'vbxvckhvwdxmbuaoouaa','vkvrftjbhslhpeiueeiu','jvbvtwylvbhysouaoaau','nthlsftdgmjctuoeiaae','rgnppthlkyndseooiaoi','cxynjsqnjhrtjiuuiiao','chgrkrpbyyydnoiououu','kvplzyfldppjkooeueua','xxbfxwqmxppqxeiaouae','gqfphznvrpddhouoieei'),(4412,'close',1,'fhkjfqssrwgtxouaeieu','ypmrgrpxzkzmjiuaiaae','xvjvkrwhgrxgruiiiuou','lbvtjxlnztgdjeeuieii','kbfwhbxkcbjqyioauiaa','clkvlrcbgkpkkoaeeiae','mcvrzrskxrplzieoaiuo','wxngxxxrkghpmaiiaaio','lbcyrcknblnhteuauaoo','zbcsnwzqvbppfeoeiuau'),(4434,'close',13,'xgpqxgrwkltzgaeeieae','wslmxznqwxpcceeeauie','rdwqpwfjrshkzeuioooo','jgtllbjlghpryeaaieou','mvqblxgyklltfoeaoeoi','lqngnqwcpmnzniueeeii','zzfschpzmwrzteiaaiio','cbgdqlwcsbvzfioauuea','wvfmwknzpycmruoiauue','qnxxnswrrybbheioauee'),(4435,'close',13,'ykzyggccfmhpjuoieuue','gpcqlxksbkpsqiuuaiee','bhjxgrmcvpwtbaoaaiaa','hshlhydyfjrzzueaaoae','dqytrwsjxkynyueuaiai','bfysktggclhpbieeuaii','rtcjbyhtkflsmioieaee','plnqvpdzdsmgreeoieii','mtdlnlcfvkllyuoeuoia','sbvddlwxbnjykoeoeoeu'),(4551,'close',2,'bgjmdqhsmjzvseaiuioe','xgxmtwsyftclkououiui','fygwypxpjpsxwaeiuueo','bsjsfdnhmhhmwiauiaeu','dxhzkncwdtlkwiaiaoua','mgbcjzmbpmrfgaauioaa','dcysmwlplwhvsoeioeeu','drsrnxpgvydndiouaiuo','zzzxsgchwpcgbeoeuioo','fphzfpjjjmjbjioaeeue'),(4619,'close',2,'yhpnsygndscszooueeuo','gwbsdsnqjhwmheeaoiei','gysyrskvnfjqmuueuoao',NULL,NULL,NULL,NULL,NULL,NULL,NULL),(4630,'close',2,'zzxjvbpjdpqqweuoooui','dhcswckrgjbmxoueieoi','dfqqmlbxlqcdqiauuuoe',NULL,NULL,NULL,NULL,NULL,NULL,NULL),(4642,'close',2,'hcbfpmrsnhtcnaueeaei','clzzyfmqywpgxioaaeia','wpqjvmsjqggzmuaaueuu','fvbgdqtlmhwwnioiieea','trmgsrfmbxbznauieaao','nsbwtfxtpqgccoooooua','ksqqwsjzxtgzpiaoooie','mfwsgmyzwfjkpioiuaea','ckjwkqwfhqykzuoeuiio','xgzhqypmzhrfmaoioiaa'),(4810,'close',1,'rqklfjbksgtwzauioeao','pknnqftswvtngiuaeauo','lhcgrklklyjxhaeueiae','jdhzhgmpdkgsmeieauue','zqmxgcmzjtvhhoioiieu','tqqyhkkmmxtvroiiuoiu','drmxcftmsgvgmaieouiu','lcfjkjjyvqwkqaauueuu','twtlbbvyvvwgpaeaeioe','nrkhbskshqtzbauouieu'),(4862,'close',13,'mqjkwsstsrjsneaoiuiu','ccybpkzqckksreeiauiu','bhyzpwsgcbzjheoueeaa','ldkjcqpfphtcfoueuauu','jpkqlbywmkshgouoiioo','rvjwchjwmtjdteoaauou','jzmlkmwqvzcpmuiiuoou','xdtyhhwglckzbaaauoeo','qkymyphzzfykmoiaeuea','cwvcdrktfzybcuiouooa'),(4905,'close',3,'gfbstrtclmpfbiooeeui','ldsgwsdssmpkjeooauui','pnvgsccsxjjkhuaeiiuu',NULL,NULL,NULL,NULL,NULL,NULL,NULL),(4982,'close',2,'vhzdpvmfjxzklaiieoiu','tjfxnslbtrwmdiuoooiu','ytdzcjyyrspztuoaaioe','zmzmvyggmhqgbuuaaeao','ktglkgzbyyrwziaiueeo','vfsnfqcshnpkcuuiooui','pwfbhkqnxdnjfuieooae','ccryysdwjtbpqueoeoui','dqscjnwxqzcqzueuuauu','wxczcxtqwqhdtieouuee'),(5060,'close',2,'vtftlmnlgzdhpeiueiai','fdwpnzfmkzhzliiaaiui','wjjvflxlfggxhaiiuuou','rnsxmjltqgjggoaueeou','rmgwrgyrbwlxwuaueiii','syzhwvgjnwmrzaaoeeaa','tlbzlwfsvrpgcaueauoe','frbsxbzzftmsviiiiioi','rqfglybdjbxwboiuaaeu','qkypwlwkbrqqhoeauiue'),(5074,'close',2,'mslhlvrgrghftouuaeie','zfsfycvgbqgrfieoioia','lglncqrrhypqmaaauiau','ysrmfwbstvgnlauoeuii','vnctkftpgkwkxouaaioi','chjjnljydvysqueuoauo','plxzjbqjszsmcuoioaei','cypjkzfdlmmwgeiaoiio','jxcvzcmlpzcgqiaaoaue','fmbyjpffdgqjcuaeiaue'),(5101,'close',2,'jwvbbttbzgcfmaeiouie','rkysdvfnnzlbbaeuiiau','vcbdytthjzryheouoioo','cdmwgvqlrfbmqiauaoii','rnfkyxpvbcjsmuoaioiu','xzpqxsdhzwdgziieeuoe','vwcyvhbywbprhaaieoue','mfvpfhfhbrfcneiiaiee','dzpckrlgpfbqroaouooa','wjwmhhyzgskhkiuueaei'),(5105,'close',1,'rhzsdbhjrrxdbuieuoii','hsqyycqctkxtzeiieaee','dlzwgqdxksgpcaeuaioo','vjsytdrvgkhysoaieuoo','ddqgwfnkrhkzhoiaooio','nqxyhdrztntxmeieiuoo','tgtsdldvbfwtcuuiauua','dyczhyctzpgyviuiouio','xvdqzstjxgsctiieuoiu','zkmbdmzdjszrqoeeioia'),(5161,'close',2,'ycklxbzhsfgfjieiuiei','xfvvvjvwwrpxvoiaaoao','vwjwbnclmnclpeaeiiia',NULL,NULL,NULL,NULL,NULL,NULL,NULL),(5265,'close',3,'bdsdgdwghbkhdoeueauo','lmlhlhrplqkgmuiioeeu','rlwlkjfpyjvmsaouaeea',NULL,NULL,NULL,NULL,NULL,NULL,NULL),(5282,'close',2,'lsyppstfwrqcquuuieie','bqmqnsbkslxbsauaueiu','rrntjhcjvmspkieeooae','ykvmjncrxtjbpaooiuau','wprqrkpchsjfdeoaaiui','kxrdydyykkdjneaooieo','vvzzpxrtyqsrdiiaiaao','sschqrmnwglkmuieiuau','mlghwskvrltkpuueeeeu','vntylxdvrsfzraooaaue'),(5290,'close',2,'tbhtwxftdpkbriaoauai','rmkmlxpynrrcqoieoiiu','jpjsgmcsldrdqauaueue','pwrpwbxjktlbvuieuoao','xwlgfsdrmbcgpouiuauo','ptwbkrrdwtblsoeiieeu','jrrghqxxfbxkpueaiaie','zvjzssmzdxttzaiaeuii','jvgrxzwzzbnfkououaoo','xtgvxdplnhyrruiouaoa'),(5309,'close',1,'kckgpcgmgrmbdeiiueee','zllckcxzwxfkheuieiuu','bbrpqprlgsqthaaieaia','tqmprqrjvcmpniaieeoa','sfszmkmjmqljtiaiauei','gykslvvjxzqdziiuaiia','tsgnndtllqyvyiaoaooe','mhsqjyksrgrwtoiiuuuu','qczqdbrrrmjpxueuaooi','ncxrqrtjcfkkxaeeaoae'),(5402,'close',2,'dhwxxrvrxxhtvioaiaua','fggjfvbmhfyrduueeouo','qpcqdkwvxxnhwaueoiaa','bpgfdbjgrbrfdoiuaioi','kmwvnldngthhfeeuaaee','vvpsxyzxwxfqsouuaeua','kvwklmtfchxvjoeoauea','bjvjvjshbyqswaeaaaii','kxczlrbwfhcpduuiauei','fzycxqgrzqwmzioeiiaa'),(5404,'close',2,'qqlwjkrfnytkruuooiue','ltkyhkknhqgqdeoieoiu','zdcqylqyrmgcnouiueoa','cgfdmhwphtpyyoaaueea','hzsgvxfdmflwrieauoae','lqcyrhnbqvmcquiauaia','kywpnnzbdjsyyeieuiuu','ygyjrwdyrtbbkaeuueou','pqqhcmmylhxwquoeuooe','rcrkswyrcgnbgaiiouuu'),(5406,'close',2,'krcdkcwqdccyteeooaee','glndscddfmtcnoouooao','mxbsqqlqsskrpuoiuiui',NULL,NULL,NULL,NULL,NULL,NULL,NULL),(5453,'close',2,'ldykwpdzdmkdkoeiiaie','mjzhfwvknztxpeaoeoou','zybsythxksskseaeuooo','mxnhfpjjksksmeaiiaao','hyggphxdlypzzauoaeoe','dnjnvvjjlfkcdueoeioi','pxywzhnnxdzdneoiuuaa','bbrhvmxtbnccxueuioui','nhjrrxbpznzryoueeaeu','mzkshczkzrpfqaaoiuoe'),(5594,'close',2,'kkybrbsmjdhzyuuaiiea','vkjmgyxnylhhpooaieee','mlsgmnnxhgklvouaiiai','xckgltyytdctkueaeiui','fzckgwkygmmkruauuiou','syblfjszvhspxeaoeoua','fnbtrnvflhkvnoieuiei','hbnbqyckhlqxnueooeoo','zcjghsnzzbzncuioauua','qtxdqlsmpqxsjuuooaua'),(5665,'close',2,'zstkgvwhzmqfcuooaoai','nfgchfwtjgtsreouaaao','sgzcxcglsyzzrooueuiu','csccrfqvpdkcviuuiaao','vqvcxrmkjpqygoeoiuoe','yxvmjbszvgsmpuaoiooi','gpnxnqtrwmnmwoueiuae','kyqhrdfvjzvbfeeuoeai','zbpyvdlxgdgjluueuaue','rgbfqrtzlcxlceaueuui'),(5944,'close',2,'vrlrctymnjvrtueeaiui','gnzhsyfxrftynouiuaoo','zvjwggtgxvkznouooeee','cvhsmcgrdtypzaoieoaa','kcxtyxdmzrldhaieaoaa','qrqxhsjvbzbpkiuaaaoo','glpbmslcwlkhcueauoei','bvnbkgdnqcfgzuiiuiaa','lgvmynbybplrgoueaeau','txctczsccbyymuooooue'),(5950,'close',2,'hpxvwffbyrhdbuaiieua','tcdgkpqpwqjbzeeieeue','pncxpscmvzcngiieeiae','lbzmbmlpbmrfbaaaioii','wfpgtgxtqzwqhiuoeuao','mbpzyjdgxqrkreuioiuu','vkdtqrdklqmwneooaaei','kkpyfbcfvwnmjouaaaao','ccpbkfpsxdjlmooeauia','kbdcrpdmwflkfaueuiiu'),(5979,'close',2,'vgwhqkngtldxtuaaeeue','fwjymvvvwfkzxauaieau','nrztzzhqfcntkaiiaoao','zhzzsnbrbgpgqieeaooa','qxgcbtfxzzrgpiuiuiiu','krgmldplwdqcxieeaaoo','bsctkfpflkpwwuooeioe','nssbxlnncddkliaeaeui','lqvwpgfbvjjvheueiaei','srbjsbpxvzgdpiiieooe'),(6002,'close',2,'fcswxfjvxggfruooooao','vlcvmpxqslgfqeuueoeu','dbglnpkzkrljgoiaeioa','ktfygyvwhvwwnueuueuu','vsdmkjrgykpwjuuuioii','njwspnrbrddbqiueaiei','hckpbxhswvszleaeoieu','stpnjdlprmqdxaaiuuee','mnxxjbllvqykyieeieei','xvbndxwrbrvncueieooo'),(6023,'close',2,'qlzkvgkdnndyqaeioeou','gqpmsfnmqqslpuauuiao','spnsxhxhdvtxyiiaiaiu','vrlcxwzyshfhvauuaaae','rzfpyqtwhshrguuoooou','cshrrcmhlgldyuiioeuo','gchkgbfpjtvmpueioaue','zjkvncmhtzyrhiouuooo','zyrssszbptthhoeoiiue','pkbktgxbjpjzgoaaueee'),(6056,'close',2,'lryjtpzpkfynqeoouoai','jhtvygpnmfwcxaeoaoou','bfqxdscnhklnjiaoaiii','wnmpfrlbcwdgceieeooo','mwblcfqbwblpvaeaiuau','ntlcnmjqfvtzpooouoea','sywbydmfmkylciaeoeou','nllqnqncsphbxeeuoiou','pbcyqgjwbhnvdieeaaoa','bprzkrykvwqbfoioeeue'),(6101,'close',2,'qsfqyndgzxsytuiueaoa','thwxxxddflkbwiauouoi','kzgbfxrsvjxfrooieaai',NULL,NULL,NULL,NULL,NULL,NULL,NULL),(6105,'close',2,'yqptwmdtrwhntieeoaau','cxclxgzrvpdjqiioeuoa','bcqbdzwptybzkoiiaiea','wwskjkqsgyxsjiiieueu','cknfnmnmsfmlloiaeeei','zjbfghjtycqqdaaioaue','vtqczycybpmcmauouaei','cfhyljdqhlxbmoiiuoii','xkshsfmxchvdsuoiuuae','kcjqhpfcfwwbzeiaeieo'),(6170,'close',1,'mvzdvxgclqgbbeiiueiu','jxzkxfmzqqyjsooeouea','xfxsvrgmxzwhseeiueaa','nhpcwzbrkrpqmiouoeoo','flzzbvnvwbcxhiaieaoe','zwvsrhjykmblsiaeiuaa','cbwppvcqpyvrloiieoae','nygkpdblfsdcreaeoaio','qmkmktdryzctjaouiaea','zwtmdyfdbfvtsiuiiaiu'),(6229,'close',1,'sqnhyhssthmlfaeioooi','skllglfkyzbjdeuoieee','fqlqrkzsgjmmboieouee','lywcrxdbhxtryuouiooo','bhfxqwwmfymcduieaaaa','kswnyqfxwxvkdiiiieii','nfyymbsdrrrfyaiuiaoa','ggdjzgwchmskgaooouuu','bdvwcrbrrgcwtaeeoaao','zdslgjwgfcjdvouoaouu'),(6252,'close',2,'gtdvhlcxsvxrheoauuuu','fzfrlcgtqdxycoeiieoo','lmsyxqlhbcpnsieeaoee','rbxgfpjqdvfptaeiaiae','rlkjnmzwdwsqtauuiuaa','prkksnhhdrxlliieaiou','gtjcfpbwvlqfvuuoaoue','vvxsrbbmjhtcdeiuiioe','jdbqtlkzdlcwjioaueii','jnhcxqbvwdfsheiiieii'),(6260,'close',1,'rjjvrlmvphzxyaaooiii','ltywmtdhkglcwuaiieaa','hwyptjqllrmwkaaeoaui','ftgpzyvcdrlkpeiuouii','zfmlpfpqghvmzaoeuaia','prxgpxwzzwrkroiooiaa','qfcdhsgnjmxjloeouuua','dwglcvnhdrhzwoeoouio','mgmgqqlbzlktloeeuaii','bccpfjnkznszbeauooea'),(6333,'close',2,'sfjwmpzjzxdfnoooaoii','qtfmgtxqkvktqoauiiei','dqmdjndkszmzvaueeueo','ndvsqhjvwwnhneeueoae','cwjljdmprdflveueeuou','nrksxswdygzzxiaiuaai','pnlmksxtbvsqciueiaue','rccfxnmpznjwhaaooauo','ycdgvrdlcdqrfoeeuaoo','zycczgrlmcvtwooaeiai'),(6379,'close',2,'mqccvwfcfwqtgiooeaue','xhygwrrjfdktboooooee','dmxcrqvsppvmxauuaeou','mxxqmcczltrkzeaaueaa','pvnqhvjdgnrlvouuaaoi','gbzzdrfdhcdxceaiauee','jsnknqrrkwldqueuieua','kkckrrkxsbqqheaaeeoi','xpknzcglxyjsxaiaoiou','vyhmxxlzllshkoieoueu'),(6508,'close',2,'qxqkrcpyklgktaiaoeea','tzykvfzcfptbmuaoaaao','fmjpmvbqnmljkaiioiau','lwprylqjszltgaeeuaiu','kxmpxjdbhvmrjuoaaiie','zvprkbqwdnbzciooooeu','bhbhwhdwcmdnxaaoouii','nhwjqkxfgcmjciauaiuo','rqhrmxpqgzyvvuuuioau','yjcklcvlrkqqwiiieeuo'),(6559,'close',2,'jqskdrdtpqkylooieoua','wwwfprfczzwxleaeaeii','rnzcjvdxxgqtpuauieou',NULL,NULL,NULL,NULL,NULL,NULL,NULL),(6573,'close',2,'tqmzyplbfyxkwoaooaue','scrclbzccklcdeoieeau','qklgpxybpmpzbeioiuoa','rwttkgznjlxnbuueoeia','ttfmkrwflvmjbuiioaao','nhlkmzpkhqzpvieiooui','qlbtgrgmcgxxjuaoeeai','qzsmwwtdyssszeeoouoo','jkszkwbfkvlwguuaiuio','zhtygwyvxxhjtouoiiio'),(6580,'close',2,'kgyflschmcrymoieuaoi','gqcxpdxdtxcrqoeiiuea','vwptysmxcxyxvoiiaeii',NULL,NULL,NULL,NULL,NULL,NULL,NULL),(6604,'close',13,'pqlkfbvsysgjrauiiooi','wtcpfljqcgwzqaeouoie','drdwmzdfsblzfuoeiaeu','cpktvzvjhjhsquuuoaei','cftlzsrhkqynzeooiaiu','bqvwmznpttnstuaooeou','wqbbxpvwjnqtxeaaeiue','cdsdgwxkmxksqeiaoouu','tpxgdwmpnqjhkiaaoouu','gjsjsxpktqylpoaoaoea'),(6605,'close',2,'lrynpqxkqggsnuouuoaa','sjlcnvszvzhntuoioiau','swhnxtpbxjlshaioeaeo',NULL,NULL,NULL,NULL,NULL,NULL,NULL),(6623,'close',2,'ssxwsmrzmcqmgiuiaieo','vzqmtqkrtkdtheieoeui','fjrtbmpfrflwguouaeoi','twjlkwtntyxcvuuiiaeo','srxdgdflnwtzpoeuaoae','ywvddmwgbnqgzuuooiui','lfblrktslrcfcaoooaao','qqssvqtmzxkqtaoiauia','bzfmryvlllgjveiieioe','tsvrfdstyqvrgiieoiea'),(6702,'close',2,'nlnkfcdjkkdwwaaaooau','ldpcyhdlzmrgwuieiuio','hxdjcqvxlpzpteaeaooo','sqnpjgxtjyymqaeuiioi','vvlhdrkstxfvgueeauai','hdnwrxxgsxflroieeuou','rhjkrwfydcmvjieeiaoe','zkgcrpfhtktrpuaaoeoi','mlbsxrzjrkjbkeaaoeeu','kcqxvggrmjkzqoeeeaao'),(6704,'close',2,'nblkkknjwmqydaeiuueo','mqxvnwkpkdtpgeueueoa','mtmrpkychcfmseaaauai',NULL,NULL,NULL,NULL,NULL,NULL,NULL),(6706,'close',1,'jywtbrkjpygyraeuoeua','rvczcgrcyqcpqoooiaui','ssznckbvvyfgyiiaieaa','ztfqspqnbrrxnaueuaeu','ztyfnnlnvmjypaouuaou','kncpmmwbshxwtuoooeie','zbxgczzgvvwmbiuouoie','bpzctnqvxsclbuiueeai','ttlszwnznhcngaiaooao','jcfkxrcjjmybceaeeuee'),(6796,'close',2,'lpxhjrgmssxdbeoeiaoe','jxkmggqllhxxqueoooai','rfflmwfvbgwhgaoiieai',NULL,NULL,NULL,NULL,NULL,NULL,NULL),(6806,'close',2,'bxtqymzsxkcmluieiuee','zszrcjwwbldcfiieeuue','sgdwhhxyrwmvleiaueeu','wxnqymctbjnngeiieuii','gtyrsdjzjfqsviieoiee','rjqqhmxhctbwyiuiueei','ykwrhxgmtffjguoeiuee','xttrztpgxmzscioiiuie','pmfdkvqplrfqcieieiio','qlrwsbftvfmzfuaaoeoi'),(6888,'close',1,'kpntkjwwyybtfeuoaooa','nrnbxzmkbcbkduuiuoii','cxjlmdftvvmsbueaeoou','jlkkwtjfpsgqxeeoaeao','xhdgkvsnkfjnvoooeaee','kfwbgpnzwppmteaoeueo','pgcdhqjlyzkcmeouuiiu','jznmlyvjndnskeueeoeu','pvhwrjwngmhhmeuaeiue','nxcvxqmwklwglaiauoia'),(6932,'close',2,'lhdnclsxvbzmmaeaueii','xyzmyvwlrcvncuoeuiai','wssftpwcygwzzoaaaiue','lxzjfqcczsxwleaoioae','vpwjwhjzflvgjoiaoaua','ngxkzflzkjrqfaeooiua','bwvlfhlksdlyhiiuuouo','mfnhsjrwsvkzweoiuauo','yydtnnwzvsdbvoioaeua','fmldfxspfndqdaoeioaa'),(6964,'close',2,'vssxjbyyzvsvxaoaooua','vmnnwwnjyxnqteaauoea','rjjbddfkylghvaueaouu','jmblcmvqynrdsaiuauio','hbzqggjqfwfkcueeouua','xjdjhsfnnxmkkaiaaoii','cxqjcntslmrddueuuaii','qhtktxwydkxdduaaoaei','clvsbyztcnbmmaooeeau','yzbwmnyyvvdfzaaoueio'),(6970,'close',2,'pkcxhxhbrzzntueeaiao','mwtnzksgytxnziueiooe','xbtydffqyxzwvaeeaaao',NULL,NULL,NULL,NULL,NULL,NULL,NULL),(7031,'close',1,'byyskfgjgsmsloeaeiui','kqdcwxkpxwjwyeeaaaio','hspkdwzgdskmqioueoii','fmbrtbcycyplqeaiooii','nzgwswzyzjzzbaaioooe','zjjrckqkyqksqaoeouii','whjfmhjqvjxfgoiaoaoi','ylgvvvkmtvfpcaueaeeu','tnxbptfkbkldvooaueue','xhqtjmnzlsmgluoouaio'),(7078,'close',1,'bjhrzfnnbyqyzeeooeai','hxjbmvrwjstdyaiuaoiu','mqhcqlvdzblcboeeeuae','dfrqkbddhqvngieauaeu','dbbkvwdlsfpfseeiouea','lntvtcqpbrskbaaueuoo','nycdfkvklsjzkuoiuoou','bvpbzqtmxztfsuuieoee','zwhhnnvympnzjuoaieii','pbmsvkfhcnrkjeioooie'),(7114,'close',2,'csdltdynplmgveoiuioa','mwjrjfscnfzpyueaaoou','xbktwtwtpfngweioaeie','lhbqtmyvrrrnguuauaie','byznfqhxqxbqliuioaeu','bccxwzglyffvxaueaieo','kdpphpstvbqtwieoeaiu','kfwnytynwknwjauoiaai','vdsrkqvnfhtxhiiaiiaa','zbmdstfmkpykzouaiuue'),(7138,'close',2,'fwqvykwspmsqfeoooeie','mnljrypyvwyhrieoiooa','vgbtqjdqrvfsnoouoiou',NULL,NULL,NULL,NULL,NULL,NULL,NULL),(7161,'close',2,'ctvyppjdhhvhyeaoiuou','cgxgcgcfycqnloiiooiu','gfwlmqwprbthgoaouaeu','vvgnljgpfyrhceiooooo','xfmzwnbkzgqndieaeiou','hzczpvnhjbrghiuooaeu','bnpcdgnzklvgxiiaeoia','ygnkzyjkxysptaaoouou','vtqgptkhpzslzaueoaea','kchcfjpyqhyggeieooae'),(7206,'close',2,'qgnxyzpxbjxjviouoiee','hjwwqvmjxzjzbieeeeea','dtdcpnqsgbvsvauoaiiu','jksbqfzykklbqiiaeoai','cldxtmjmhrqhbiuoiuoe','ksqbhqrjvtxdrouioieo','qpctcszxwwwlcaiaauua','nffvddbzxjggdeoueueo','wlkvdxdrmypmjioaeiiu','qfzltvrfztnswaaoaaio'),(7281,'close',1,'cxlzcwpglrfbbueaieia','mhmfnmkyzlkbvioueoia','dycpfrchwgxvjiueiiio',NULL,NULL,NULL,NULL,NULL,NULL,NULL),(7307,'close',1,'gyfgcrtxwzclpioaoeai','qsqczgmpmmmqveueueeu','whtqgxmwhgfcmuiuooae','ldwthcpkgcrcqauaauiu','bbbvgxskpcqkbaiieeai','lscgdpzccsfsyeaoauee','gkhdjgtggngryoauuiue','pwflksjhmggdqiaoiuee','dgwlngwvxxzbkaiuiuia','vtbmqnltzmmhjaoaooia'),(7430,'close',2,'zrxnzlmcjtrmhoeoeiaa','fxqjjvhxqqddqueaeeau','dgljnlpjcmbxwauuoaio','rsyggylgzfcwvouiouie','nvwgjsrxpbdkvueoiiii','vwtnbdkrsyxyduaioeeu','rcbzzqbzfdrwsoaiouae','sdssqnkhyzbtqaaoiaie','mpgwgmbnxlxtvoueaaeo','wmgdlrvsqvfyyeieuooe'),(7431,'close',2,'fntgsfmkzrqdjoiioeua','qmfdtyyggdnckieouoou','xtlgqmkbghxbnuoueiii','vmzbpxkjlttsseaueeie','cvxtwyybkyfcmaaoouuu','ycvggbfvxmcyruuouiii','ygzwlbwtxlfnjouauoei','mwhjpycczbjfseioeaee','pcmngwdlbfhyjaieoaeo','llyxdqjwbbnphueoeaoa'),(7456,'close',3,'hmfmbjtkvbgxloioueea','vmbpkyyrbbsltouauiii','fqkxzvwdclgfsuuaaaaa',NULL,NULL,NULL,NULL,NULL,NULL,NULL),(7465,'close',2,'zjylkrsbpbnjyaaioeii','rxzddqmlcmfyxeeaoeou','twhmxltkxpgjvoeioeou','wtsgddxwbntmfeoieiii','dqrwpppdnsgypuiaouuu','zgrhntnywsnttaioeaie','xybftznjvxgghioaaoai','tdxkcnfksbjgraeiiueo','fqfgfnkwwsdrdiuaaiua','cwthdwwqfqrtjueiuuoe'),(7478,'close',2,'cjdjngnhwhcfgiuieaae','dlsfyldphrstmaoueoee','vqfspwrydmvxrooieaiu','vsksmpxmnpzgqoeeeeoi','qsjflclmlxgxkaieaaaa','dlljhvlxrbgtqaueuuuo','nzrthtyxdhsrbououeoi','mzkjwpdccsgdsouaiaua','xqbdldjhqprfniuuaioi','qzdplyglfxzbriaeuiuu'),(7514,'close',2,'pvqwcnlrnsvmqiaeaoio','kxchlpggyhtsvoiuaeia','jrjgwqdysywvnoeoaiou','lpjrkkhqtjvdgoouoeue','npxdbvqfxplffeueeiau','jycdgxqsxjtbfioioiea','qbbdrwsvscpjpooauaeu','jwzjdmsmgmdqgaouuuua','hkqbndkgswpywueuuoeo','knnmwjsljdmxriooiieo'),(7515,'close',2,'jlbqqpwsygwjbeioiooa','nhvywprgyrqzmiiueiuo','tntxdjdpzvfvdiieaeeo','wnhxszdzccnfheauiiai','lcgmlpwdpgryyuuiuouu','rxpkyrnxtdxhmueooauu','wnqpmqndvyzfpauaeoua','cjrlqjcbpvqrfiieaeeo','qnznyhtwdbhysooeueae','jbxcxcnslffqkoiuuiee'),(7629,'close',2,'gvrvljhlcfwhcuaioauo','nrdzpfylkjfjhaeiiaaa','zhmykmfyrxnrtiiaoeau',NULL,NULL,NULL,NULL,NULL,NULL,NULL),(7773,'close',2,'zphzlqrkllkmteiiieii','hsgyfgktygjhwaeeauuu','gfnrwxckcmsgjeeaoiee',NULL,NULL,NULL,NULL,NULL,NULL,NULL),(7895,'close',2,'tlksvxdwqpbctuuueaia','kjbldsjhlpjbgoeuooae','xnfrdywzqrtzhoaiuiao',NULL,NULL,NULL,NULL,NULL,NULL,NULL),(7973,'close',2,'vzzpsvdcwxzffiooiaii','yhrbjftvhslrweeeouuo','vqjbcpppsypnjaoeiaoe','vswkzxjplcbdmoueaaoi','xstqfchvdwnjkeaoieuo','jfcqvffcclddpooiueiu','xsscjxtvhqdygeeoaieu','rylpztyxlpxntiiieuei','fwzdbgchnbrpwaieoioi','mvvzplcfdwyhhaieeiee'),(7979,'close',1,'glwwdplmytxqqueeouoi','pmvzhyblxcpltueueaoi','slypjrfsprkkxaeeeeoe','thxcrsqrzzsfliueiouo','wfwkvsrwnhsgnuiieioo','ppctxcvrnjsscieoeoee','mbwjylfwswklvieauooo','hymqtpvckmfjyuiuiuoa','fsskzxpxkvbxxaeoiioe','wpcflkgpbczdzeeoeiao'),(8031,'close',1,'vlvhfkvwwcrvmuoeuiui','kthhrmvzlvlyziauiuii','fbskwcgtwbgpleiiouuo','cpvhlwkvtvykbaueioue','hpghdcgfyydbdoeiuooi','bhxlrztbjbzzriuieioa','thlcxbvgfhkjqaiouuaa','mlvhxzmhvnnjbueaiauo','ckskntztphxpzoaoaiou','phclpbzbptcprueoouue'),(8032,'close',2,'gfdmcsbtypvbjioaeoie','jdsyygfdzczwweuuuaoe','vqykqsbjxygzceeueaua',NULL,NULL,NULL,NULL,NULL,NULL,NULL),(8039,'close',2,'wrbwnhrwqsmyweoeaaaa','cgcrkbcxgkgrwoueuaea','klhpdlvvmmcyxaioaiao',NULL,NULL,NULL,NULL,NULL,NULL,NULL),(8071,'close',2,'wpqylmlqhfylxiieaiie','vplfgszyglvpduoeoaii','jrzsvpljhyfyriaeiiui','yljvmzbygvjpciiueuie','qnwbzghbzkbgyiaaeaoa','tnlljdzrgvyzhaaieueo','nfzqdydxqkmycuoooeue','dkpkqfzhcmjgyauuueou','khqxhllcnrcsbaaeaaue','lnkcbpmcgpgtbaaueoue'),(8073,'close',1,'pyvsjwttcvstnoaooaou','nnczyrjgqnrhdoaaauiu','zlxnhmvgwsyckeaeeuao','yfywpzqszgzgceaaooeo','lpbmmgdghkjqkaeuuuoe','hwshgqzswcptwoaaoeia','gvplnjmfxlfvhuiooeua','yhbjsdgtqygxdaiuaaui','bnjbhtbvkvxcniuaaeii','ppxqsjcmctsyyiooieee'),(8167,'close',2,'zmlcxchyxtdlmiioioau','pwsdjtkdyndhwiuuuioe','htfrgsjcblldmuoooeea',NULL,NULL,NULL,NULL,NULL,NULL,NULL),(8172,'close',13,'dppbxqxxprppxaueeiuo','hwvqcpkcnrkdyoouioue','zjdwhjkgvxgyxaooaaoa','zdwbzqhypwwbbieueeie','sjldjdmjsgbbsoiueoea','vddjdxpjqnczpiaeeoio','cmsmtpntnxlqhauieoou','rmnmbyfnvpgzsioaeauu','nvptbxgxkhhrriiuoeua','hxxfvmfffxfljaaioaaa'),(8288,'close',13,'ynqjnpzxblqnpeuioioi','vkgyqyftsglqxeuooooe','wxqrrdrqtnwzdeuoeoia','vkzqgskslwzhcuauaaee','xhfbxyzgbvxffoieaioi','qmfzzvdtprsmzeeaeuoa','btpjwlbvvbfksoeaueeu','vzrljdvtwckddeieuaee','xyrxfjqwcrhbceeeeuou','mtzpxnvdkjgcyioeeaei'),(8301,'close',1,'zylhvjcvkdxnmoeauaio','jjnyjtnxyldldioaauiu','wxvppwtrwzrhvuaaieie','lnnpykmygkbfnuiaioio','npqqwmqzbqkpcaoauouu','rblzmzpysggzvaeooeio','vjxcwwxwrmbvceeeeeoi','fpmsrzgnwgwksieiuiae','hcdsrtpvhrqlcueeoeau','qptjzfzjhkrfsieuiiia'),(8379,'close',1,'hrwxrqxgzxxxleaaaeae','dymgjrxzzwbcviaiaoeo','hchywhzljmmpzaeaoieu','jtgvcpygffxjjueaieae','xsyrbsznvxxgwauiaiao','lmcwqfzntwtnpoeiuoao','bwvksxzdytcdnieaieau','bmjqnhcsvzvqqoiieoui','jsbfdhhrzlhxcaeoeouo','lkzgrnbvyvmdpeouaaae'),(8437,'close',2,'xmhctyjkmrtxsaaoouei','knmgtmtdhwwvqoieeaee','njtjzyxtfslqreiaiuae',NULL,NULL,NULL,NULL,NULL,NULL,NULL),(8482,'close',1,'dzdwvzkmjtryciiuaaua','xsyqglcxllzxxoooaaaa','bcjmyxjqcnwvpeioieoa','jtzffgycrlkvdieaueie','cclwyxdvkcyfkiuiuaei','qwsysrvhsrklfiaeioiu','rrbmqpvbwkncvaoaoiui','ngjptspwdwqkfoeueueu','jgctppprrqflbaiiuaau','xqyzppsbnhkwgiioiuei'),(8502,'close',2,'yfxzhyfrsdsntueaoaee','ywqfgkbhztsbpuioaaie','kyymvhcqlkpjzuoaoioe','bvnjhgnjpczjduuaaiei','qztszsybgdxdceuaaeae','nrmnjrzylkclduoiaeui','lywmnkkjppbngiauiioi','czqgzcbdjptpbuiaeoie','fsvtkqxprpdrwoiiiaai','rctnndzvnpsxneuaiuuo'),(8575,'close',2,'xnvjylxntsgpquuieaai','xgjvhsbzlyftzouaioea','wmqhdhdvlmmpheioaoia',NULL,NULL,NULL,NULL,NULL,NULL,NULL),(8605,'close',1,'lzpbdhvxrxwnlaouaiee','bfpqmfsjfcfwtooeiaaa','dzcwsgsykflqxiuoioeo','snlkyczmjgxtmueaeeeu','dywhrpfjjlyxxeaueeae','wnkmkppypmkqpoueoieo','tvgkjbtnptylxaiiuaui','prjvrzzxyvgsfaieeoua','gnwgcvllszdkbuiaoeoi','bjzyssxdgpyrbeoeaoea'),(8614,'close',2,'yvqgdrsrpllpheiuaoii','rzsrbbxkgtnjmeouoeau','xvfsdtrhmpkbxieueoee','gmnwvbnbjtsdpaoaiiuu','dwwhgtgbnlysraaaioio','fwnkzqcmgzrcqeeaaaaa','fyssxxqcdvdzteeuieoe','nynbjtfytckmsauiioea','hscdznltktgscieiiuao','vpqpsygyqblwxoiauaae'),(8695,'close',1,'drxclcczpflhzuoouaua','gnthkwkrhfpxkeeieoio','wkkczzrhmpjhkeeoueae','qwjbhnjhhsrbteiiiaia','pskftwdmdpdhgeeuiouu','xzgsqqbzyfnwjueoaooa','lvrndmsbcpygjoooueie','wjdbjynhrhkyxeaiiaii','yhntsytywyylxeuauaae','ytnfwzwyyhpllouuaeai'),(8698,'close',2,'mvcmknwyyrhpqiuoeiui','hdrcwfngfxktmiuueeeu','gzwsztdblwymjiuiuuaa',NULL,NULL,NULL,NULL,NULL,NULL,NULL),(8760,'close',1,'zxltjqgmjhmmxoeaeeei','mmvbbpnlfhgtneuuiiue','hjspyypzjpvjnuuaeaeo',NULL,NULL,NULL,NULL,NULL,NULL,NULL),(8773,'close',1,'smxrsdjhmjgykauaeeea','sxqzmscxhjzvjuuiioua','mkwbsmztqnntrueueiii',NULL,NULL,NULL,NULL,NULL,NULL,NULL),(8813,'close',13,'llswfmczcczppuaeiuaa','qwfmkmnwpjkbsuoeoiie','gbctlrcmflmqyeieieui','nrmtqqdjktdkroeuiuia','mdtyxjmfcgjpyiioeiia','wkzylhnwhmgybuieeaie','blmvqptgzpxptaoeeeau','lpmwhxxrdcrdbeoiiiie','rnkkgyqqrplvjuouiiii','gmnglwfcprdzqouaiueo'),(8818,'close',2,'sllfzpmqsglnfeueauai','knsqqljqlykfweiaauoo','kzqtvxhhgkywbeeoaaie','ynldmzpjwhvxmauioeao','zklrkvtbyzgjcaaaaoai','ygpbdcqnqbhyviiuooue','wjbbmpnlbjgdhioaouou','wkgfldjsqtqkwoieieou','hqblfnhrzhwwruiiooie','twcpqhnwptgqraeaoaou'),(8855,'close',2,'jdkgqdrpvbgvquiuueee','hlnchlhvrqpvsiaiaeao','lxsbldfjdysmzuaueuea','bkjsnhllqwmbveiiuouu','mtgpfjtbhsyzhioiaooi','yzvnpszdfcxlquoiooiu','vdvtmxsmxspbkiaoaaau','ptvnwxqstlzpnoiieueu','xqrdtkdwffzhduouaoeo','nkcxhbgphgcqbooaieoe'),(8866,'close',1,'tcgxjycyxggcloouaeoi','rrdtdkpggzhgzaeeioue','jjcspmqhzzsksueeioue','yhgrfqkvmhnvzoeuiueu','sdssgvdvfflcseoioeii','rzgftypgrfnfroooeaao','gbrrqmsqqcgbbueiouui','gkrbpplfjjsstaieouua','qmmfdzchqrphrouuooae','xzxwgglbbjzwhaiiiaia'),(8880,'close',2,'jqgqnydqvmxncuieieie','nbzssbztxggcvuoeeaau','tqtzcxmmntyxkeieuiao',NULL,NULL,NULL,NULL,NULL,NULL,NULL),(8975,'close',2,'brryvpyjkblqwaueiaee','kwffblbgdsgrkiauooee','dfvtwmdrncxrmiuaoiiu','fvwrmvbtgjmcpoeeeoeu','stlmvsslbjbpsioaooiu','bcydpwgyfsnnsuaiuoao','wgsxpmnlxszmsuaauooo','kpqlvmzwthmwcoeiiaie','hyysdtltqnxsteeueaoe','cjtmzmkcqrzyjeuaeeau'),(8984,'close',2,'mbfjhgvjfqsmqueoeuui','szvxgrxzgrjjyooiioua','yphhrtskzqllhiiooeau','ndnksmlynnygheoeaeei','gprnwmympwnwqoieuuoa','trbpfxlqxhzcsuauiiuo','dswkkpkfnpkrsiaeaaao','xpdjxbkkyqmzreuuieea','zzbtmgkscxxkbieiueie','gbznrwkfsqhyvieoiiai'),(9044,'close',2,'dpxczvwdbyyhyaaeuaao','rtvcllmxqxgxwoooaeiu','kyfrqdlzykpyseaueuae','nplgzvyfnfvbtuioaieo','cdsfsrsjgzrmpuoaaieo','cmpdpndpzfczraioauiu','zdtyhzvpdyjsjeauooia','pzhfyhjdhlnrtooeiiio','tkfbcbrnklmyqioeaeuo','shvkpgdrlkbbsieaiaai'),(9159,'close',2,'nrgzqpynxhkbkieioauo','qtbwbmyrmbdtjoiiuuea','vjzrhhbyrknbyoeiaeou','wypgdwgpkhxcsaiuaueo','sdckdbggxpjdfueauueo','pgzfvxkcddysdiiaaaoo','thtnzvqkfpwykooeeuuu','vcrgkdhymdmplooaoiio','nlqktcsdvrlmseoiaaoo','bqcsncdvcdnlqieoeuiu'),(9183,'close',2,'hhlqwqpqfplrruiueoea','dpbhrcrrbwmpluaueeou','bvczknccykyxxeuuauiu',NULL,NULL,NULL,NULL,NULL,NULL,NULL),(9348,'close',2,'jnqlttnmjglfpouieoau','wjhgsqmsnkdkmaooioei','vfmpdmhpcttjpaiooeiu',NULL,NULL,NULL,NULL,NULL,NULL,NULL),(9401,'close',1,'lwlwgvjtwghkteaooeei','skjlqwjwhdwrtouoiuei','wbxrnjqqkjpshaeueaeu','hvrbkxyfktxvniauieoi','dysjzdjvxvjnkuauuooo','wmqbzhypmqlfraaooaee','dtgyrvfrwprdyiueauae','zmbjxcwvrhkqvoiuoaue','hnkrkyktjpflleeeoeue','pfywxxgvlytxzaoauuie'),(9416,'close',1,'qsxxtvtsbqclpiaaoiue','kdjcrnfbcfjhfooaooia','ykgydkfrgbsgxoiuiaeo','rnjfjsvkqcwrfoeueiio','xdspzgxfyytwfaoaiauu','mmrjyjqrkdfvmeaaeioa','zcxrhdfqymyzjeouueuo','lbtlzbvwxbmqwuiaoeai','rxddxzmchlwnsiaooeao','gvmyjkzjcsprzuuiaoui'),(9498,'close',2,'fqvvwgwrqlqgsieauaou','zzmwltsvxwcfmaaoaaeu','yzqrffhksphnliiooueo',NULL,NULL,NULL,NULL,NULL,NULL,NULL),(9511,'close',2,'nqsfyjfcvsjyseiuiaao','pscdnrkcyggcweaueeea','qbgrsxzbjztzhieuoaie',NULL,NULL,NULL,NULL,NULL,NULL,NULL),(9516,'close',2,'gqlmtqnmchljluieuaua','txmnqfqmbzpskeueaiae','wslhykxsxnhrpuoiiiue','pdjgqxrltjgxjuiuieoa','chjxlfbcbbyvsueeoauo','dlbvwbtvgrzrfauiauiu','kdxsvrgnpjwwpaoeiuuu','hvzrdfmynrdnmeieaaoo','rwpdcppsvjrwxeaeiuii','wkvhjgbrxrlykiuoueei'),(9576,'close',1,'jbtywstncnjmgooaoooo','zdgmzfnmvlqtkauaeooa','hlqzzhgkxhhnbuuaeuea','sdbkwtzcxslcbeuuooia','fjmqhdprjvhxneaeouao','tgwhjdkycljsvaeiiiui','cpkrsfgnnsxgpaiuauei','mkdsbygktvbjnaauaiou','scrfrmwzhxyftaiaeioo','mthpnsyhhhtlkeiooeue'),(9589,'close',2,'sygbyjllcnxnwaouoaao','xjxkghhdynjggieiaiii','hqsmzjtpfndkliuooouu','yztqmgglkqwkkuuuieie','dzchrvwnprmnnoauioei','gdgbdqjfzwfqrieoeuuo','zzyqhqcxftwptioooiuu','nrmwvdnqyszgwoiaiioi','fnpmvxqsdvrwvaoiiaui','kpqwtyhncwggpoiaeiui'),(9619,'close',1,'ljcxhbwgksphdaieeoea','xncynzlsbmrkseieioou','gwgzjjcvlcljhiaauoea',NULL,NULL,NULL,NULL,NULL,NULL,NULL),(9632,'close',2,'phfxltkhzmqzmeiueoie','lblnvyvgfrpbkuuieouo','dgfldjmtykpwfooioeuo','lyzcvvvxcbkjxaoeuuoi','mcqtwxzhnvhbraeeoueu','vshvskxtptpzloouuuou','wlvdmmmdjsvhquuaiiai','fhdgfsmlxhntjoeaioua','ltysdtnxtgwzboioaaio','xwrlkfkqcsyjneeuiuuo'),(9690,'close',2,'frqzmgjzdclnleoaaeoa','mqnwyvwhjxckgiueaiaa','twvhdkljvhcbveaoauiu',NULL,NULL,NULL,NULL,NULL,NULL,NULL),(9704,'close',1,'cfhldjygvcbjxieoiiiu','fyjbgvxqcwxzraieaoee','mwbdjvwxdzgvxoioeoiu','qrksxzmxlzhwsieoouai','wtdqrjbrvdcjyoauaoee','jdsnlslzslyrfiioouao','bdnxyhkvvjhlgauueuou','hnrtwvmylhkvnieoiaio','jvshkchgmfjqyaieuooo','zhpdwhwlkwcvveeaaeie'),(9794,'close',1,'nxddjtzylgltrueeuiai','jcwhdqxtytvxjaouueio','vpqnmzrwqchdyueouoea','mhlxvgjrmlgnreeaeuao','qncpnyzmqdlfleeaeiui','lrxcsvqfxvbgqueoioue','grrvfclsfwhtqeeiiuie','zgllwqtqrpzrnauuooua','thvmvzlmynyjvaaaoeie','zskylhqgmhryluiaaiii'),(9899,'close',1,'gnmbckbcqdjmmouiiiee','qhdpjvbxbnbyluiiiaea','dcrrfkqvbzvtgieoiiea','dlmrlkjvmtwqvoieiuae','cbmsrbrhycfwraoiaiuu','swzsckdtlxjcpuuoeuee','hphhqpmcjgqchauouaoa','cpglkycsktwktiaoaiuo','jbpzgrjzjmrshoiiiiuo','rtbfvkymfdlltaououie'),(9936,'close',2,'fkgcwfzblvtcmeaoiuui','qsvymvdrkzgdtooiiuao','qfnwzsjkvyvssuoaaaou',NULL,NULL,NULL,NULL,NULL,NULL,NULL),(9962,'close',2,'ymfwqzxwhpnxvuueuiuu','yxtcnfhvnggxsoiiuioa','jfgmvcyqxqwnpuieoooo',NULL,NULL,NULL,NULL,NULL,NULL,NULL),(9980,'close',2,'vlpxvckdhllbzeoooioo','vydpzfdzsnhfboeaiiue','xwzqrtvgjrlzcuaueiie',NULL,NULL,NULL,NULL,NULL,NULL,NULL),(9991,'close',1,'vfvnndgznqypmauaeeou','xpbnmcfmlcshxeuuoeau','ylfrvtcqhpkfhauaeoaa','jslkqqmjwshztaueauee','cgnzwfwshyjyqueauaoo','qmjdmtncqvgkmoiaoeeo','xqngyxqvnqbgnoeaoioe','lhrjfchhzpkghiaioiii','vbnlyfnwvnwzquoeaoeu','whjshhlrwwfgqauaoaoi');
/*!40000 ALTER TABLE `room` ENABLE KEYS */;
UNLOCK TABLES;

--
-- Table structure for table `score`
--

DROP TABLE IF EXISTS `score`;
/*!40101 SET @saved_cs_client     = @@character_set_client */;
/*!50503 SET character_set_client = utf8mb4 */;
CREATE TABLE `score` (
  `userID` int(11) NOT NULL,
  `roomID` int(11) NOT NULL,
  `round1` int(11) DEFAULT NULL,
  `round2` int(11) DEFAULT NULL,
  `round3` int(11) DEFAULT NULL,
  `round4` int(11) DEFAULT NULL,
  `round5` int(11) DEFAULT NULL,
  `round6` int(11) DEFAULT NULL,
  `round7` int(11) DEFAULT NULL,
  `round8` int(11) DEFAULT NULL,
  `round9` int(11) DEFAULT NULL,
  `round10` int(11) DEFAULT NULL,
  `totalScore` int(11) DEFAULT NULL,
  PRIMARY KEY (`userID`,`roomID`),
  KEY `roomid_idx` (`roomID`),
  CONSTRAINT `roomId` FOREIGN KEY (`roomID`) REFERENCES `room` (`roomID`) ON DELETE CASCADE ON UPDATE CASCADE,
  CONSTRAINT `userId` FOREIGN KEY (`userID`) REFERENCES `user` (`userID`) ON DELETE CASCADE ON UPDATE CASCADE
) ENGINE=InnoDB DEFAULT CHARSET=utf8mb4 COLLATE=utf8mb4_general_ci;
/*!40101 SET character_set_client = @saved_cs_client */;

--
-- Dumping data for table `score`
--

LOCK TABLES `score` WRITE;
/*!40000 ALTER TABLE `score` DISABLE KEYS */;
INSERT INTO `score` VALUES (1,177,0,1,0,0,0,0,0,NULL,NULL,NULL,NULL),(1,488,0,0,0,0,0,0,1,0,0,0,1),(1,537,0,0,0,0,0,0,0,NULL,NULL,NULL,NULL),(1,907,NULL,NULL,NULL,NULL,NULL,NULL,NULL,NULL,NULL,NULL,NULL),(1,1041,1,0,0,0,0,0,0,NULL,NULL,NULL,1),(1,1059,NULL,NULL,NULL,NULL,NULL,NULL,NULL,NULL,NULL,NULL,NULL),(1,1133,0,0,0,0,0,0,0,0,0,0,0),(1,1164,0,0,0,0,0,0,NULL,NULL,NULL,NULL,0),(1,1174,NULL,NULL,NULL,NULL,NULL,NULL,NULL,NULL,NULL,NULL,0),(1,1243,0,0,0,0,0,1,0,1,1,0,1),(1,1296,1,0,0,0,NULL,NULL,NULL,NULL,NULL,NULL,NULL),(1,1335,1,0,0,0,0,0,0,NULL,NULL,NULL,NULL),(1,1492,0,0,0,0,0,0,0,NULL,NULL,NULL,NULL),(1,1548,0,0,1,0,0,0,0,0,0,0,2),(1,1693,0,0,0,0,0,0,0,NULL,NULL,NULL,NULL),(1,1708,0,0,0,0,0,0,0,NULL,NULL,NULL,NULL),(1,1839,NULL,NULL,NULL,NULL,NULL,NULL,NULL,NULL,NULL,NULL,1),(1,2070,0,0,0,0,0,0,0,NULL,NULL,NULL,NULL),(1,2080,0,0,0,0,0,0,0,0,0,0,NULL),(1,2205,1,1,0,0,NULL,NULL,NULL,NULL,NULL,NULL,NULL),(1,2348,0,0,0,0,0,0,0,NULL,NULL,NULL,NULL),(1,2442,0,0,0,0,1,0,0,NULL,NULL,NULL,NULL),(1,2461,NULL,NULL,NULL,NULL,NULL,NULL,NULL,NULL,NULL,NULL,3),(1,2472,1,0,0,0,1,0,0,0,1,0,3),(1,2829,0,0,0,0,0,0,0,0,NULL,NULL,0),(1,2892,0,0,0,0,NULL,NULL,NULL,NULL,NULL,NULL,NULL),(1,3241,0,1,1,0,1,1,0,NULL,NULL,NULL,4),(1,3444,0,0,0,1,0,1,1,0,0,0,2),(1,3553,1,1,0,0,NULL,NULL,NULL,NULL,NULL,NULL,2),(1,3591,0,0,0,0,0,0,1,NULL,NULL,NULL,NULL),(1,3774,1,0,0,0,0,0,0,NULL,NULL,NULL,NULL),(1,3957,0,0,0,0,0,0,0,NULL,NULL,NULL,NULL),(1,3958,1,0,1,1,NULL,NULL,NULL,NULL,NULL,NULL,2),(1,4300,0,NULL,NULL,NULL,NULL,NULL,NULL,NULL,NULL,NULL,NULL),(1,4322,0,0,0,1,1,0,0,0,0,0,2),(1,4331,NULL,NULL,NULL,NULL,NULL,NULL,NULL,NULL,NULL,NULL,NULL),(1,4342,0,0,0,0,0,0,0,NULL,NULL,NULL,0),(1,4394,0,0,0,0,0,0,0,1,0,0,0),(1,4412,NULL,NULL,NULL,NULL,NULL,NULL,NULL,NULL,NULL,NULL,NULL),(1,4434,0,1,1,1,0,NULL,NULL,NULL,NULL,NULL,3),(1,4435,1,1,0,NULL,NULL,NULL,NULL,NULL,NULL,NULL,NULL),(1,4551,NULL,NULL,NULL,NULL,NULL,NULL,NULL,NULL,NULL,NULL,NULL),(1,4630,NULL,NULL,NULL,NULL,NULL,NULL,NULL,NULL,NULL,NULL,NULL),(1,4642,0,0,0,0,0,0,0,NULL,NULL,NULL,NULL),(1,4810,0,0,0,0,0,0,0,NULL,NULL,NULL,NULL),(1,4982,1,0,0,1,0,0,0,0,0,0,NULL),(1,5060,1,1,1,1,NULL,NULL,NULL,NULL,NULL,NULL,3),(1,5074,1,1,0,0,1,1,NULL,NULL,NULL,NULL,NULL),(1,5101,0,0,0,0,0,0,0,0,0,0,0),(1,5105,0,0,0,0,0,0,0,NULL,NULL,NULL,NULL),(1,5161,NULL,NULL,NULL,NULL,NULL,NULL,NULL,NULL,NULL,NULL,14),(1,5282,0,0,0,0,0,0,0,NULL,NULL,NULL,NULL),(1,5290,0,0,0,0,0,0,0,0,0,0,2),(1,5309,0,0,0,0,1,1,0,0,0,0,2),(1,5402,0,0,0,1,1,0,0,NULL,NULL,NULL,NULL),(1,5404,0,1,0,0,0,NULL,NULL,NULL,NULL,NULL,1),(1,5453,0,0,0,0,0,0,NULL,NULL,NULL,NULL,NULL),(1,5594,0,0,0,0,0,0,NULL,NULL,NULL,NULL,NULL),(1,5665,0,0,0,0,0,0,0,NULL,NULL,NULL,0),(1,5944,0,0,0,0,0,0,0,NULL,NULL,NULL,NULL),(1,5950,0,0,0,0,NULL,NULL,NULL,NULL,NULL,NULL,NULL),(1,5979,1,0,0,0,0,0,NULL,NULL,NULL,NULL,NULL),(1,6002,0,0,0,0,0,1,1,0,0,NULL,2),(1,6023,0,0,0,1,0,0,0,NULL,NULL,NULL,NULL),(1,6056,0,0,0,0,0,0,0,0,0,0,0),(1,6105,0,1,0,0,0,0,NULL,NULL,NULL,NULL,NULL),(1,6170,0,0,0,0,NULL,NULL,NULL,NULL,NULL,NULL,NULL),(1,6229,NULL,NULL,NULL,NULL,NULL,NULL,NULL,NULL,NULL,NULL,NULL),(1,6252,1,0,1,2,1,0,NULL,NULL,NULL,NULL,3),(1,6260,1,1,0,1,0,0,0,NULL,NULL,NULL,3),(1,6333,NULL,NULL,NULL,NULL,NULL,NULL,NULL,NULL,NULL,NULL,NULL),(1,6508,0,1,1,NULL,NULL,NULL,NULL,NULL,NULL,NULL,2),(1,6573,0,1,0,0,NULL,NULL,NULL,NULL,NULL,NULL,NULL),(1,6604,NULL,NULL,NULL,NULL,NULL,NULL,NULL,NULL,NULL,NULL,NULL),(1,6623,0,0,0,0,NULL,NULL,NULL,NULL,NULL,NULL,NULL),(1,6702,0,0,0,0,0,0,0,0,0,0,3),(1,6706,0,0,0,0,NULL,NULL,NULL,NULL,NULL,NULL,NULL),(1,6806,0,0,0,0,NULL,NULL,NULL,NULL,NULL,NULL,NULL),(1,6888,0,0,0,0,0,NULL,NULL,NULL,NULL,NULL,0),(1,6932,0,0,0,0,0,0,0,NULL,NULL,NULL,0),(1,6970,NULL,NULL,NULL,NULL,NULL,NULL,NULL,NULL,NULL,NULL,NULL),(1,7031,0,0,0,1,0,0,0,0,NULL,NULL,1),(1,7078,0,0,0,0,0,0,NULL,NULL,NULL,NULL,0),(1,7114,0,0,0,1,0,0,0,NULL,NULL,NULL,NULL),(1,7161,0,0,1,0,0,1,0,0,0,0,2),(1,7206,NULL,NULL,NULL,NULL,NULL,NULL,NULL,NULL,NULL,NULL,NULL),(1,7281,NULL,NULL,NULL,NULL,NULL,NULL,NULL,NULL,NULL,NULL,NULL),(1,7307,2,1,0,NULL,NULL,NULL,NULL,NULL,NULL,NULL,3),(1,7430,NULL,NULL,NULL,NULL,NULL,NULL,NULL,NULL,NULL,NULL,NULL),(1,7431,0,0,1,0,0,0,0,NULL,NULL,NULL,1),(1,7456,NULL,NULL,NULL,NULL,NULL,NULL,NULL,NULL,NULL,NULL,NULL),(1,7465,1,1,0,0,0,0,NULL,NULL,NULL,NULL,NULL),(1,7478,0,0,0,NULL,NULL,NULL,NULL,NULL,NULL,NULL,0),(1,7514,0,0,0,0,0,0,0,0,0,0,NULL),(1,7515,0,0,0,0,NULL,NULL,NULL,NULL,NULL,NULL,0),(1,7973,0,1,0,1,0,1,0,NULL,NULL,NULL,0),(1,8031,0,0,0,0,0,0,0,0,0,0,0),(1,8071,NULL,NULL,NULL,NULL,NULL,NULL,NULL,NULL,NULL,NULL,NULL),(1,8288,0,0,0,0,0,0,0,0,0,0,0),(1,8301,0,0,1,0,0,0,NULL,NULL,NULL,NULL,1),(1,8379,0,1,0,0,0,0,0,0,0,0,1),(1,8482,0,1,1,1,1,0,NULL,NULL,NULL,NULL,NULL),(1,8502,0,0,NULL,NULL,NULL,NULL,NULL,NULL,NULL,NULL,NULL),(1,8605,0,0,0,0,0,0,0,0,0,0,0),(1,8614,0,0,NULL,NULL,NULL,NULL,NULL,NULL,NULL,NULL,NULL),(1,8695,NULL,NULL,NULL,NULL,NULL,NULL,NULL,NULL,NULL,NULL,NULL),(1,8813,0,0,0,0,NULL,NULL,NULL,NULL,NULL,NULL,NULL),(1,8818,0,0,0,0,0,0,1,0,0,0,1),(1,8866,0,0,0,0,0,0,0,NULL,NULL,NULL,NULL),(1,8975,0,1,1,1,0,0,1,0,NULL,NULL,0),(1,9044,0,0,0,0,0,0,0,0,NULL,NULL,0),(1,9159,0,0,0,0,0,0,0,NULL,NULL,NULL,NULL),(1,9401,0,1,0,0,0,0,0,0,NULL,NULL,1),(1,9416,NULL,NULL,NULL,NULL,NULL,NULL,NULL,NULL,NULL,NULL,NULL),(1,9516,0,0,0,0,0,0,0,0,0,0,0),(1,9576,NULL,NULL,NULL,NULL,NULL,NULL,NULL,NULL,NULL,NULL,NULL),(1,9619,NULL,NULL,NULL,NULL,NULL,NULL,NULL,NULL,NULL,NULL,1),(1,9632,NULL,NULL,NULL,NULL,NULL,NULL,NULL,NULL,NULL,NULL,NULL),(1,9704,0,1,0,0,0,0,0,0,NULL,NULL,1),(1,9794,0,0,1,NULL,NULL,NULL,NULL,NULL,NULL,NULL,NULL),(1,9899,0,0,0,NULL,NULL,NULL,NULL,NULL,NULL,NULL,NULL),(1,9991,0,1,1,0,NULL,NULL,NULL,NULL,NULL,NULL,2),(2,177,1,1,0,1,1,0,1,0,NULL,NULL,3),(2,488,1,1,0,0,1,0,0,1,0,NULL,3),(2,537,0,0,0,0,0,0,0,NULL,NULL,NULL,NULL),(2,907,0,0,0,0,NULL,NULL,NULL,NULL,NULL,NULL,NULL),(2,1041,1,1,0,2,0,1,0,NULL,NULL,NULL,5),(2,1059,0,0,NULL,NULL,NULL,NULL,NULL,NULL,NULL,NULL,NULL),(2,1133,0,0,0,0,0,0,0,0,0,0,0),(2,1164,1,1,0,1,0,NULL,NULL,NULL,NULL,NULL,3),(2,1174,NULL,NULL,NULL,NULL,NULL,NULL,NULL,NULL,NULL,NULL,0),(2,1243,0,1,0,1,0,0,0,0,0,1,2),(2,1296,0,1,1,1,NULL,NULL,NULL,NULL,NULL,NULL,2),(2,1335,1,1,0,0,0,2,1,0,NULL,NULL,3),(2,1492,1,0,0,0,0,0,0,NULL,NULL,NULL,NULL),(2,1548,0,0,0,0,0,0,0,0,0,0,0),(2,1693,0,0,1,0,0,0,1,NULL,NULL,NULL,NULL),(2,1708,0,0,1,0,0,0,1,NULL,NULL,NULL,NULL),(2,1963,NULL,NULL,NULL,NULL,NULL,NULL,NULL,NULL,NULL,NULL,2),(2,2070,1,0,0,0,0,0,1,NULL,NULL,NULL,NULL),(2,2080,1,1,0,0,0,1,0,0,1,0,NULL),(2,2205,0,0,0,0,NULL,NULL,NULL,NULL,NULL,NULL,NULL),(2,2335,NULL,NULL,NULL,NULL,NULL,NULL,NULL,NULL,NULL,NULL,NULL),(2,2348,1,0,1,0,0,0,0,NULL,NULL,NULL,NULL),(2,2442,0,0,1,0,0,0,0,NULL,NULL,NULL,NULL),(2,2461,NULL,NULL,NULL,NULL,NULL,NULL,NULL,NULL,NULL,NULL,10),(2,2472,0,0,0,0,0,1,0,0,0,0,1),(2,2829,0,1,1,0,NULL,NULL,NULL,NULL,NULL,NULL,2),(2,2892,1,0,2,2,NULL,NULL,NULL,NULL,NULL,NULL,3),(2,2990,NULL,NULL,NULL,NULL,NULL,NULL,NULL,NULL,NULL,NULL,7),(2,3097,NULL,NULL,NULL,NULL,NULL,NULL,NULL,NULL,NULL,NULL,1),(2,3114,NULL,NULL,NULL,NULL,NULL,NULL,NULL,NULL,NULL,NULL,0),(2,3192,NULL,NULL,NULL,NULL,NULL,NULL,NULL,NULL,NULL,NULL,NULL),(2,3241,0,0,0,1,1,0,0,NULL,NULL,NULL,2),(2,3271,NULL,NULL,NULL,NULL,NULL,NULL,NULL,NULL,NULL,NULL,NULL),(2,3444,1,0,0,1,1,0,0,0,1,0,2),(2,3553,0,0,1,0,NULL,NULL,NULL,NULL,NULL,NULL,1),(2,3591,0,0,1,0,1,0,0,NULL,NULL,NULL,NULL),(2,3632,NULL,NULL,NULL,NULL,NULL,NULL,NULL,NULL,NULL,NULL,0),(2,3774,0,0,0,0,1,0,0,NULL,NULL,NULL,NULL),(2,3831,NULL,NULL,NULL,NULL,NULL,NULL,NULL,NULL,NULL,NULL,NULL),(2,3895,0,0,1,0,1,1,0,NULL,NULL,NULL,3),(2,3928,NULL,NULL,NULL,NULL,NULL,NULL,NULL,NULL,NULL,NULL,12),(2,3957,1,0,0,0,0,0,0,NULL,NULL,NULL,NULL),(2,3958,0,0,0,0,NULL,NULL,NULL,NULL,NULL,NULL,0),(2,4064,NULL,NULL,NULL,NULL,NULL,NULL,NULL,NULL,NULL,NULL,0),(2,4172,NULL,NULL,NULL,NULL,NULL,NULL,NULL,NULL,NULL,NULL,0),(2,4300,0,0,0,0,0,0,0,NULL,NULL,NULL,NULL),(2,4322,0,1,1,0,0,0,1,0,0,0,3),(2,4331,NULL,NULL,NULL,NULL,NULL,NULL,NULL,NULL,NULL,NULL,NULL),(2,4342,1,1,0,1,1,0,NULL,NULL,NULL,NULL,3),(2,4394,0,1,0,0,0,0,0,0,0,0,0),(2,4434,0,0,0,0,0,0,NULL,NULL,NULL,NULL,0),(2,4435,0,0,0,NULL,NULL,NULL,NULL,NULL,NULL,NULL,NULL),(2,4551,0,0,0,0,0,0,0,NULL,NULL,NULL,NULL),(2,4619,NULL,NULL,NULL,NULL,NULL,NULL,NULL,NULL,NULL,NULL,10),(2,4630,NULL,NULL,NULL,NULL,NULL,NULL,NULL,NULL,NULL,NULL,NULL),(2,4642,0,1,0,0,0,1,0,NULL,NULL,NULL,NULL),(2,4810,NULL,NULL,NULL,NULL,NULL,NULL,NULL,NULL,NULL,NULL,NULL),(2,4982,0,0,0,0,0,0,0,NULL,NULL,NULL,0),(2,5060,0,0,0,0,NULL,NULL,NULL,NULL,NULL,NULL,NULL),(2,5074,0,0,0,0,0,0,NULL,NULL,NULL,NULL,NULL),(2,5101,0,0,0,0,0,0,0,NULL,NULL,NULL,0),(2,5105,NULL,NULL,NULL,NULL,NULL,NULL,NULL,NULL,NULL,NULL,NULL),(2,5161,NULL,NULL,NULL,NULL,NULL,NULL,NULL,NULL,NULL,NULL,5),(2,5282,0,0,0,0,0,0,0,NULL,NULL,NULL,NULL),(2,5290,0,0,0,0,0,0,0,0,0,0,3),(2,5309,1,0,1,0,0,0,0,1,1,0,2),(2,5402,0,0,1,0,0,0,0,NULL,NULL,NULL,NULL),(2,5404,1,0,1,1,NULL,NULL,NULL,NULL,NULL,NULL,2),(2,5406,NULL,NULL,NULL,NULL,NULL,NULL,NULL,NULL,NULL,NULL,NULL),(2,5453,1,0,0,0,0,0,NULL,NULL,NULL,NULL,NULL),(2,5594,2,0,0,0,1,0,NULL,NULL,NULL,NULL,NULL),(2,5665,1,0,1,1,1,0,NULL,NULL,NULL,NULL,3),(2,5944,0,0,0,0,0,0,0,NULL,NULL,NULL,NULL),(2,5950,1,0,1,1,NULL,NULL,NULL,NULL,NULL,NULL,2),(2,5979,1,0,0,0,0,0,NULL,NULL,NULL,NULL,NULL),(2,6002,0,0,1,0,1,0,0,1,NULL,NULL,3),(2,6023,1,0,0,0,0,0,1,NULL,NULL,NULL,NULL),(2,6056,1,0,0,0,0,0,0,NULL,NULL,NULL,1),(2,6101,NULL,NULL,NULL,NULL,NULL,NULL,NULL,NULL,NULL,NULL,5),(2,6105,1,0,0,1,0,1,NULL,NULL,NULL,NULL,NULL),(2,6170,0,NULL,NULL,NULL,NULL,NULL,NULL,NULL,NULL,NULL,NULL),(2,6229,NULL,NULL,NULL,NULL,NULL,NULL,NULL,NULL,NULL,NULL,NULL),(2,6252,0,0,1,0,0,0,NULL,NULL,NULL,NULL,0),(2,6260,0,1,1,0,1,1,0,NULL,NULL,NULL,4),(2,6333,1,0,0,0,0,0,0,NULL,NULL,NULL,NULL),(2,6379,NULL,NULL,NULL,NULL,NULL,NULL,NULL,NULL,NULL,NULL,NULL),(2,6508,0,1,0,NULL,NULL,NULL,NULL,NULL,NULL,NULL,1),(2,6559,NULL,NULL,NULL,NULL,NULL,NULL,NULL,NULL,NULL,NULL,1),(2,6573,1,1,1,1,NULL,NULL,NULL,NULL,NULL,NULL,3),(2,6580,NULL,NULL,NULL,NULL,NULL,NULL,NULL,NULL,NULL,NULL,NULL),(2,6604,1,0,NULL,NULL,NULL,NULL,NULL,NULL,NULL,NULL,NULL),(2,6605,NULL,NULL,NULL,NULL,NULL,NULL,NULL,NULL,NULL,NULL,0),(2,6623,1,0,0,0,NULL,NULL,NULL,NULL,NULL,NULL,NULL),(2,6702,0,0,0,0,0,0,0,0,0,0,1),(2,6706,NULL,NULL,NULL,NULL,NULL,NULL,NULL,NULL,NULL,NULL,NULL),(2,6796,NULL,NULL,NULL,NULL,NULL,NULL,NULL,NULL,NULL,NULL,1),(2,6806,1,0,0,0,NULL,NULL,NULL,NULL,NULL,NULL,NULL),(2,6932,1,0,0,1,0,1,NULL,NULL,NULL,NULL,3),(2,6964,NULL,NULL,NULL,NULL,NULL,NULL,NULL,NULL,NULL,NULL,NULL),(2,6970,NULL,NULL,NULL,NULL,NULL,NULL,NULL,NULL,NULL,NULL,NULL),(2,7031,1,0,0,0,0,1,0,1,NULL,NULL,3),(2,7078,0,0,1,1,1,0,NULL,NULL,NULL,NULL,3),(2,7114,1,0,0,0,0,0,0,NULL,NULL,NULL,NULL),(2,7138,NULL,NULL,NULL,NULL,NULL,NULL,NULL,NULL,NULL,NULL,NULL),(2,7161,0,1,0,1,0,0,0,1,0,0,2),(2,7206,NULL,NULL,NULL,NULL,NULL,NULL,NULL,NULL,NULL,NULL,NULL),(2,7307,1,0,0,NULL,NULL,NULL,NULL,NULL,NULL,NULL,2),(2,7430,NULL,NULL,NULL,NULL,NULL,NULL,NULL,NULL,NULL,NULL,NULL),(2,7431,1,1,0,0,1,0,NULL,NULL,NULL,NULL,3),(2,7465,0,1,1,0,0,1,NULL,NULL,NULL,NULL,NULL),(2,7478,0,1,1,NULL,NULL,NULL,NULL,NULL,NULL,NULL,2),(2,7514,0,0,0,0,0,0,0,0,0,0,NULL),(2,7515,0,0,1,0,NULL,NULL,NULL,NULL,NULL,NULL,1),(2,7773,NULL,NULL,NULL,NULL,NULL,NULL,NULL,NULL,NULL,NULL,0),(2,7895,NULL,NULL,NULL,NULL,NULL,NULL,NULL,NULL,NULL,NULL,1),(2,7973,0,0,0,0,0,0,0,NULL,NULL,NULL,0),(2,8031,0,0,0,0,0,0,0,0,0,0,0),(2,8032,NULL,NULL,NULL,NULL,NULL,NULL,NULL,NULL,NULL,NULL,NULL),(2,8039,NULL,NULL,NULL,NULL,NULL,NULL,NULL,NULL,NULL,NULL,2),(2,8071,NULL,NULL,NULL,NULL,NULL,NULL,NULL,NULL,NULL,NULL,NULL),(2,8172,1,0,0,0,0,0,0,NULL,NULL,NULL,NULL),(2,8301,1,0,1,1,1,0,NULL,NULL,NULL,NULL,4),(2,8379,0,0,1,0,1,0,1,0,1,0,3),(2,8437,NULL,NULL,NULL,NULL,NULL,NULL,NULL,NULL,NULL,NULL,5),(2,8482,0,0,0,0,0,0,NULL,NULL,NULL,NULL,NULL),(2,8502,1,0,NULL,NULL,NULL,NULL,NULL,NULL,NULL,NULL,NULL),(2,8575,NULL,NULL,NULL,NULL,NULL,NULL,NULL,NULL,NULL,NULL,NULL),(2,8605,0,0,0,0,0,0,0,0,0,0,0),(2,8614,1,0,NULL,NULL,NULL,NULL,NULL,NULL,NULL,NULL,NULL),(2,8773,NULL,NULL,NULL,NULL,NULL,NULL,NULL,NULL,NULL,NULL,NULL),(2,8813,0,0,0,0,NULL,NULL,NULL,NULL,NULL,NULL,NULL),(2,8818,0,1,0,1,0,1,0,0,1,0,3),(2,8855,1,0,0,0,0,NULL,NULL,NULL,NULL,NULL,1),(2,8866,0,0,0,0,0,0,0,NULL,NULL,NULL,NULL),(2,8880,NULL,NULL,NULL,NULL,NULL,NULL,NULL,NULL,NULL,NULL,0),(2,8975,0,0,1,0,1,0,0,0,NULL,NULL,0),(2,9044,0,1,0,1,1,1,0,NULL,NULL,NULL,3),(2,9159,0,1,0,0,0,0,0,NULL,NULL,NULL,NULL),(2,9183,NULL,NULL,NULL,NULL,NULL,NULL,NULL,NULL,NULL,NULL,2),(2,9401,1,0,1,0,NULL,NULL,NULL,NULL,NULL,NULL,2),(2,9416,NULL,NULL,NULL,NULL,NULL,NULL,NULL,NULL,NULL,NULL,NULL),(2,9498,NULL,NULL,NULL,NULL,NULL,NULL,NULL,NULL,NULL,NULL,1),(2,9511,NULL,NULL,NULL,NULL,NULL,NULL,NULL,NULL,NULL,NULL,NULL),(2,9516,0,0,0,0,0,0,0,0,0,0,0),(2,9589,0,0,1,1,0,1,0,NULL,NULL,NULL,2),(2,9632,NULL,NULL,NULL,NULL,NULL,NULL,NULL,NULL,NULL,NULL,NULL),(2,9690,NULL,NULL,NULL,NULL,NULL,NULL,NULL,NULL,NULL,NULL,1),(2,9704,1,0,1,1,0,NULL,NULL,NULL,NULL,NULL,3),(2,9794,1,1,1,NULL,NULL,NULL,NULL,NULL,NULL,NULL,NULL),(2,9899,1,0,1,NULL,NULL,NULL,NULL,NULL,NULL,NULL,NULL),(2,9936,NULL,NULL,NULL,NULL,NULL,NULL,NULL,NULL,NULL,NULL,0),(2,9980,NULL,NULL,NULL,NULL,NULL,NULL,NULL,NULL,NULL,NULL,0),(2,9991,0,0,0,NULL,NULL,NULL,NULL,NULL,NULL,NULL,NULL),(3,2990,NULL,NULL,NULL,NULL,NULL,NULL,NULL,NULL,NULL,NULL,29),(3,3928,NULL,NULL,NULL,NULL,NULL,NULL,NULL,NULL,NULL,NULL,13),(11,5161,NULL,NULL,NULL,NULL,NULL,NULL,NULL,NULL,NULL,NULL,4),(12,5161,NULL,NULL,NULL,NULL,NULL,NULL,NULL,NULL,NULL,NULL,30),(13,177,1,0,0,0,0,0,0,NULL,NULL,NULL,NULL),(13,1335,0,0,0,0,0,0,0,NULL,NULL,NULL,NULL),(13,1886,0,0,0,0,0,0,0,NULL,NULL,NULL,NULL),(13,2348,0,0,0,0,0,0,0,NULL,NULL,NULL,NULL),(13,3895,1,0,0,0,0,0,0,NULL,NULL,NULL,1),(13,4434,1,0,0,0,0,NULL,NULL,NULL,NULL,NULL,0),(13,4435,0,0,0,NULL,NULL,NULL,NULL,NULL,NULL,NULL,NULL),(13,4551,0,1,0,0,0,0,0,NULL,NULL,NULL,NULL),(13,4862,NULL,NULL,NULL,NULL,NULL,NULL,NULL,NULL,NULL,NULL,NULL),(13,5665,0,0,0,0,0,0,0,NULL,NULL,NULL,0),(13,6333,NULL,NULL,NULL,NULL,NULL,NULL,NULL,NULL,NULL,NULL,NULL),(13,6604,1,0,NULL,NULL,NULL,NULL,NULL,NULL,NULL,NULL,NULL),(13,6806,0,0,0,0,NULL,NULL,NULL,NULL,NULL,NULL,NULL),(13,7206,NULL,NULL,NULL,NULL,NULL,NULL,NULL,NULL,NULL,NULL,NULL),(13,7430,NULL,NULL,NULL,NULL,NULL,NULL,NULL,NULL,NULL,NULL,NULL),(13,8172,0,0,0,0,0,0,0,NULL,NULL,NULL,NULL),(13,8288,0,0,0,0,0,0,0,0,0,0,0),(13,8813,1,0,1,0,NULL,NULL,NULL,NULL,NULL,NULL,NULL),(13,8855,0,1,1,1,0,NULL,NULL,NULL,NULL,NULL,3),(13,9044,0,1,0,0,0,0,0,NULL,NULL,NULL,0),(13,9589,0,0,0,0,1,0,0,NULL,NULL,NULL,1),(13,9794,0,0,0,NULL,NULL,NULL,NULL,NULL,NULL,NULL,NULL),(13,9899,0,0,2,NULL,NULL,NULL,NULL,NULL,NULL,NULL,NULL),(14,1886,0,0,0,0,0,0,0,NULL,NULL,NULL,NULL);
/*!40000 ALTER TABLE `score` ENABLE KEYS */;
UNLOCK TABLES;

--
-- Table structure for table `user`
--

DROP TABLE IF EXISTS `user`;
/*!40101 SET @saved_cs_client     = @@character_set_client */;
/*!50503 SET character_set_client = utf8mb4 */;
CREATE TABLE `user` (
  `userID` int(11) NOT NULL AUTO_INCREMENT,
  `username` varchar(45) NOT NULL,
  `password` varchar(45) NOT NULL,
  `isBanned` varchar(45) NOT NULL,
  `avatar` int(11) DEFAULT NULL,
  `isActive` varchar(45) NOT NULL DEFAULT 'offline',
  `highScore` int(11) DEFAULT 0,
  PRIMARY KEY (`userID`),
  UNIQUE KEY `username_UNIQUE` (`username`)
) ENGINE=InnoDB AUTO_INCREMENT=15 DEFAULT CHARSET=utf8mb4 COLLATE=utf8mb4_general_ci;
/*!40101 SET character_set_client = @saved_cs_client */;

--
-- Dumping data for table `user`
--

LOCK TABLES `user` WRITE;
/*!40000 ALTER TABLE `user` DISABLE KEYS */;
INSERT INTO `user` VALUES (1,'csm','123456','not Banned',1,'offline',3),(2,'Tofu','1234567','not Banned',2,'offline',3),(3,'lawsinnn','lawlaw','not Banned',1,'offline',0),(8,'rovic','vicvic','not Banned',1,'offline',0),(10,'mcarino','123456','not Banned',1,'offline',0),(11,'nichole','nichole','not Banned',3,'offline',0),(12,'Carlos','miguel','not Banned',1,'offline',0),(13,'pat','123456','not Banned',3,'offline',0),(14,'dnriceio','123456','not Banned',1,'offline',0);
/*!40000 ALTER TABLE `user` ENABLE KEYS */;
UNLOCK TABLES;
/*!40103 SET TIME_ZONE=@OLD_TIME_ZONE */;

/*!40101 SET SQL_MODE=@OLD_SQL_MODE */;
/*!40014 SET FOREIGN_KEY_CHECKS=@OLD_FOREIGN_KEY_CHECKS */;
/*!40014 SET UNIQUE_CHECKS=@OLD_UNIQUE_CHECKS */;
/*!40101 SET CHARACTER_SET_CLIENT=@OLD_CHARACTER_SET_CLIENT */;
/*!40101 SET CHARACTER_SET_RESULTS=@OLD_CHARACTER_SET_RESULTS */;
/*!40101 SET COLLATION_CONNECTION=@OLD_COLLATION_CONNECTION */;
/*!40111 SET SQL_NOTES=@OLD_SQL_NOTES */;

-- Dump completed on 2024-05-29  2:06:14
